time of writing,name of the test file,number of accepting traces,number or rejecting traces,depth of formula,number of variables,max length of traces,specified formula,dt solving time,dt num primitive candidates,dt num primitives used,dt subset sizes,dt tree txt representation
2018-05-24 08:58,traces/generated/5to10Traces/0150.trace,225,225,1,2,5,G(x0),0.43469206243753433,1,1,3,experiments/dtSubset3Repetitions3/0150_tree.txt
2018-05-24 08:58,traces/generated/5to10Traces/0053.trace,16,100,4,3,10,"G(->(x1,G(!(x0))))",57.29001495242119,10,8,3,experiments/dtSubset3Repetitions3/0053_tree.txt
2018-05-24 08:58,traces/generated/5to10Traces/0171.trace,200,200,2,3,10,"->(F(x1),U(x0,x1))",4.859046697616577,6,1,3,experiments/dtSubset3Repetitions3/0171_tree.txt
2018-05-24 08:59,traces/generated/5to10Traces/0072.trace,75,75,4,3,5,"|(G(!(x0)),F(&(x0,F(x1))))",20.32699143886566,13,3,3,experiments/dtSubset3Repetitions3/0072_tree.txt
2018-05-24 08:59,traces/generated/5to10Traces/0011.trace,8,125,2,2,10,G(!(x0)),1.767717745155096,1,1,3,experiments/dtSubset3Repetitions3/0011_tree.txt
2018-05-24 08:59,traces/generated/5to10Traces/0083.trace,200,34,4,3,10,"|(G(!(x0)),F(&(x0,F(x1))))",67.79675493389368,20,12,3,experiments/dtSubset3Repetitions3/0083_tree.txt
2018-05-24 09:00,traces/generated/5to10Traces/0180.trace,50,50,3,3,5,"G(->(x1,G(x0)))",30.69637954607606,21,5,3,experiments/dtSubset3Repetitions3/0180_tree.txt
2018-05-24 09:01,traces/generated/5to10Traces/0112.trace,14,25,6,4,5,"G(&(x0,->(!(x1),U(!(x1),&(x2,!(x1))))))",0.21803325042128563,1,1,3,experiments/dtSubset3Repetitions3/0112_tree.txt
2018-05-24 09:01,traces/generated/5to10Traces/0030.trace,100,100,3,3,5,"->(F(x1),U(!(x0),x1))",6.22142044082284,7,2,3,experiments/dtSubset3Repetitions3/0030_tree.txt
2018-05-24 09:01,traces/generated/5to10Traces/0167.trace,150,150,2,3,10,"->(F(x1),U(x0,x1))",15.626178599894047,12,1,3,experiments/dtSubset3Repetitions3/0167_tree.txt
2018-05-24 09:01,traces/generated/5to10Traces/0108.trace,250,250,1,2,5,F(x0),0.3854663521051407,1,1,3,experiments/dtSubset3Repetitions3/0108_tree.txt
2018-05-24 09:01,traces/generated/5to10Traces/0064.trace,250,250,4,3,5,"G(->(x1,G(!(x0))))",30.516306810081005,18,7,3,experiments/dtSubset3Repetitions3/0064_tree.txt
2018-05-24 09:01,traces/generated/5to10Traces/0099.trace,125,7,1,2,10,F(x0),0.3675607144832611,1,1,3,experiments/dtSubset3Repetitions3/0099_tree.txt
2018-05-24 09:01,traces/generated/5to10Traces/0129.trace,1,225,6,4,10,"G(&(x0,->(!(x1),U(!(x1),&(x2,!(x1))))))",0.395402193069458,1,1,3,experiments/dtSubset3Repetitions3/0129_tree.txt
2018-05-24 09:01,traces/generated/5to10Traces/0146.trace,175,175,1,2,5,G(x0),0.3343323953449726,1,1,3,experiments/dtSubset3Repetitions3/0146_tree.txt
2018-05-24 09:01,traces/generated/5to10Traces/0045.trace,2,5,4,3,10,"G(->(x1,G(!(x0))))",3.3075956851243973,4,3,3,experiments/dtSubset3Repetitions3/0045_tree.txt
2018-05-24 09:02,traces/generated/5to10Traces/0049.trace,12,50,4,3,10,"G(->(x1,G(!(x0))))",67.88513051718473,15,4,3,experiments/dtSubset3Repetitions3/0049_tree.txt
2018-05-24 09:03,traces/generated/5to10Traces/0026.trace,50,50,3,3,5,"->(F(x1),U(!(x0),x1))",7.006326552480459,6,2,3,experiments/dtSubset3Repetitions3/0026_tree.txt
2018-05-24 09:03,traces/generated/5to10Traces/0125.trace,1,175,6,4,10,"G(&(x0,->(!(x1),U(!(x1),&(x2,!(x1))))))",0.37138765305280685,2,2,3,experiments/dtSubset3Repetitions3/0125_tree.txt
2018-05-24 09:03,traces/generated/5to10Traces/0007.trace,7,75,2,2,10,G(!(x0)),1.8213436342775822,1,1,3,experiments/dtSubset3Repetitions3/0007_tree.txt
2018-05-24 09:03,traces/generated/5to10Traces/0068.trace,25,25,4,3,5,"|(G(!(x0)),F(&(x0,F(x1))))",11.866616450250149,13,5,3,experiments/dtSubset3Repetitions3/0068_tree.txt
2018-05-24 09:03,traces/generated/5to10Traces/0095.trace,75,6,1,2,10,F(x0),0.5662478730082512,2,1,3,experiments/dtSubset3Repetitions3/0095_tree.txt
2018-05-24 09:03,traces/generated/5to10Traces/0196.trace,250,250,3,3,5,"G(->(x1,G(x0)))",19.98063822835684,12,7,3,experiments/dtSubset3Repetitions3/0196_tree.txt
2018-05-24 09:03,traces/generated/5to10Traces/0104.trace,200,200,1,2,5,F(x0),0.337316133081913,1,1,3,experiments/dtSubset3Repetitions3/0104_tree.txt
2018-05-24 09:03,traces/generated/5to10Traces/0052.trace,100,100,4,3,5,"G(->(x1,G(!(x0))))",47.03859781473875,20,9,3,experiments/dtSubset3Repetitions3/0052_tree.txt
2018-05-24 09:04,traces/generated/5to10Traces/0151.trace,13,225,1,2,10,G(x0),0.4020855240523815,1,1,3,experiments/dtSubset3Repetitions3/0151_tree.txt
2018-05-24 09:04,traces/generated/5to10Traces/0073.trace,75,13,4,3,10,"|(G(!(x0)),F(&(x0,F(x1))))",10.198458798229694,4,2,3,experiments/dtSubset3Repetitions3/0073_tree.txt
2018-05-24 09:04,traces/generated/5to10Traces/0170.trace,200,200,2,3,5,"->(F(x1),U(x0,x1))",17.050076849758625,8,2,3,experiments/dtSubset3Repetitions3/0170_tree.txt
2018-05-24 09:05,traces/generated/5to10Traces/0181.trace,13,50,3,3,10,"G(->(x1,G(x0)))",48.37241015583277,14,5,3,experiments/dtSubset3Repetitions3/0181_tree.txt
2018-05-24 09:05,traces/generated/5to10Traces/0010.trace,125,125,2,2,5,G(!(x0)),0.9406772702932358,1,1,3,experiments/dtSubset3Repetitions3/0010_tree.txt
2018-05-24 09:05,traces/generated/5to10Traces/0082.trace,200,200,4,3,5,"|(G(!(x0)),F(&(x0,F(x1))))",17.571233812719584,11,6,3,experiments/dtSubset3Repetitions3/0082_tree.txt
2018-05-24 09:06,traces/generated/5to10Traces/0132.trace,5,5,1,2,5,G(x0),0.21030039340257645,1,1,3,experiments/dtSubset3Repetitions3/0132_tree.txt
2018-05-24 09:06,traces/generated/5to10Traces/0031.trace,100,100,3,3,10,"->(F(x1),U(!(x0),x1))",11.057400833815336,5,1,3,experiments/dtSubset3Repetitions3/0031_tree.txt
2018-05-24 09:06,traces/generated/5to10Traces/0098.trace,125,125,1,2,5,F(x0),0.2979586534202099,1,1,3,experiments/dtSubset3Repetitions3/0098_tree.txt
2018-05-24 09:06,traces/generated/5to10Traces/0065.trace,46,250,4,3,10,"G(->(x1,G(!(x0))))",71.357457742095,18,8,3,experiments/dtSubset3Repetitions3/0065_tree.txt
2018-05-24 09:07,traces/generated/5to10Traces/0166.trace,150,150,2,3,5,"->(F(x1),U(x0,x1))",6.166662208735943,9,2,3,experiments/dtSubset3Repetitions3/0166_tree.txt
2018-05-24 09:07,traces/generated/5to10Traces/0109.trace,250,17,1,2,10,F(x0),0.41447197645902634,1,1,3,experiments/dtSubset3Repetitions3/0109_tree.txt
2018-05-24 09:07,traces/generated/5to10Traces/0044.trace,5,5,4,3,5,"G(->(x1,G(!(x0))))",0.9662523902952671,2,2,3,experiments/dtSubset3Repetitions3/0044_tree.txt
2018-05-24 09:07,traces/generated/5to10Traces/0128.trace,163,225,6,4,5,"G(&(x0,->(!(x1),U(!(x1),&(x2,!(x1))))))",51.798522256314754,16,6,3,experiments/dtSubset3Repetitions3/0128_tree.txt
2018-05-24 09:08,traces/generated/5to10Traces/0147.trace,12,175,1,2,10,G(x0),0.584897194057703,2,1,3,experiments/dtSubset3Repetitions3/0147_tree.txt
2018-05-24 09:08,traces/generated/5to10Traces/0124.trace,104,175,6,4,5,"G(&(x0,->(!(x1),U(!(x1),&(x2,!(x1))))))",37.353783909231424,17,9,3,experiments/dtSubset3Repetitions3/0124_tree.txt
2018-05-24 09:09,traces/generated/5to10Traces/0048.trace,50,50,4,3,5,"G(->(x1,G(!(x0))))",23.363329149782658,12,5,3,experiments/dtSubset3Repetitions3/0048_tree.txt
2018-05-24 09:09,traces/generated/5to10Traces/0027.trace,50,50,3,3,10,"->(F(x1),U(!(x0),x1))",7.374360136687756,2,1,3,experiments/dtSubset3Repetitions3/0027_tree.txt
2018-05-24 09:09,traces/generated/5to10Traces/0197.trace,51,250,3,3,10,"G(->(x1,G(x0)))",115.5613344013691,18,2,3,experiments/dtSubset3Repetitions3/0197_tree.txt
2018-05-24 09:11,traces/generated/5to10Traces/0105.trace,200,10,1,2,10,F(x0),0.46238507702946663,1,1,3,experiments/dtSubset3Repetitions3/0105_tree.txt
2018-05-24 09:11,traces/generated/5to10Traces/0006.trace,75,75,2,2,5,G(!(x0)),0.9493092261254787,2,1,3,experiments/dtSubset3Repetitions3/0006_tree.txt
2018-05-24 09:11,traces/generated/5to10Traces/0094.trace,75,75,1,2,5,F(x0),0.24466503411531448,1,1,3,experiments/dtSubset3Repetitions3/0094_tree.txt
2018-05-24 09:11,traces/generated/5to10Traces/0069.trace,25,2,4,3,10,"|(G(!(x0)),F(&(x0,F(x1))))",0.7246344611048698,2,1,3,experiments/dtSubset3Repetitions3/0069_tree.txt
2018-05-24 09:11,traces/generated/5to10Traces/0173.trace,225,225,2,3,10,"->(F(x1),U(x0,x1))",221.6839377656579,24,2,3,experiments/dtSubset3Repetitions3/0173_tree.txt
2018-05-24 09:15,traces/generated/5to10Traces/0070.trace,50,50,4,3,5,"|(G(!(x0)),F(&(x0,F(x1))))",2.2539670541882515,6,5,3,experiments/dtSubset3Repetitions3/0070_tree.txt
2018-05-24 09:15,traces/generated/5to10Traces/0152.trace,250,250,1,2,5,G(x0),0.5044396780431271,1,1,3,experiments/dtSubset3Repetitions3/0152_tree.txt
2018-05-24 09:15,traces/generated/5to10Traces/0051.trace,10,75,4,3,10,"G(->(x1,G(!(x0))))",62.567858286201954,13,6,3,experiments/dtSubset3Repetitions3/0051_tree.txt
2018-05-24 09:16,traces/generated/5to10Traces/0032.trace,125,125,3,3,5,"->(F(x1),U(!(x0),x1))",15.69814021885395,8,2,3,experiments/dtSubset3Repetitions3/0032_tree.txt
2018-05-24 09:16,traces/generated/5to10Traces/0131.trace,3,250,6,4,10,"G(&(x0,->(!(x1),U(!(x1),&(x2,!(x1))))))",6.238757848739624,4,3,3,experiments/dtSubset3Repetitions3/0131_tree.txt
2018-05-24 09:16,traces/generated/5to10Traces/0081.trace,175,30,4,3,10,"|(G(!(x0)),F(&(x0,F(x1))))",6.991449289023876,2,2,3,experiments/dtSubset3Repetitions3/0081_tree.txt
2018-05-24 09:17,traces/generated/5to10Traces/0013.trace,4,150,2,2,10,G(!(x0)),1.8158008605241776,1,1,3,experiments/dtSubset3Repetitions3/0013_tree.txt
2018-05-24 09:17,traces/generated/5to10Traces/0110.trace,4,5,6,4,5,"G(&(x0,->(!(x1),U(!(x1),&(x2,!(x1))))))",0.26283660158514977,1,1,3,experiments/dtSubset3Repetitions3/0110_tree.txt
2018-05-24 09:17,traces/generated/5to10Traces/0182.trace,75,75,3,3,5,"G(->(x1,G(x0)))",17.506973531097174,11,9,3,experiments/dtSubset3Repetitions3/0182_tree.txt
2018-05-24 09:17,traces/generated/5to10Traces/0144.trace,150,150,1,2,5,G(x0),0.3190624974668026,1,1,3,experiments/dtSubset3Repetitions3/0144_tree.txt
2018-05-24 09:17,traces/generated/5to10Traces/0028.trace,75,75,3,3,5,"->(F(x1),U(!(x0),x1))",5.450559433549643,5,2,3,experiments/dtSubset3Repetitions3/0028_tree.txt
2018-05-24 09:17,traces/generated/5to10Traces/0047.trace,9,25,4,3,10,"G(->(x1,G(!(x0))))",41.7630770355463,11,11,3,experiments/dtSubset3Repetitions3/0047_tree.txt
2018-05-24 09:18,traces/generated/5to10Traces/0165.trace,125,125,2,3,10,"->(F(x1),U(x0,x1))",1.6950178667902946,1,1,3,experiments/dtSubset3Repetitions3/0165_tree.txt
2018-05-24 09:18,traces/generated/5to10Traces/0066.trace,5,5,4,3,5,"|(G(!(x0)),F(&(x0,F(x1))))",0.25708673149347305,1,1,3,experiments/dtSubset3Repetitions3/0066_tree.txt
2018-05-24 09:18,traces/generated/5to10Traces/0009.trace,5,100,2,2,10,G(!(x0)),2.235682647675276,1,1,3,experiments/dtSubset3Repetitions3/0009_tree.txt
2018-05-24 09:18,traces/generated/5to10Traces/0097.trace,100,4,1,2,10,F(x0),0.4822184331715107,1,1,3,experiments/dtSubset3Repetitions3/0097_tree.txt
2018-05-24 09:18,traces/generated/5to10Traces/0005.trace,2,50,2,2,10,G(!(x0)),1.505841474980116,1,1,3,experiments/dtSubset3Repetitions3/0005_tree.txt
2018-05-24 09:18,traces/generated/5to10Traces/0106.trace,225,225,1,2,5,F(x0),0.3249696157872677,1,1,3,experiments/dtSubset3Repetitions3/0106_tree.txt
2018-05-24 09:18,traces/generated/5to10Traces/0169.trace,175,175,2,3,10,"->(F(x1),U(x0,x1))",1.8373301923274994,1,1,3,experiments/dtSubset3Repetitions3/0169_tree.txt
2018-05-24 09:18,traces/generated/5to10Traces/0194.trace,225,225,3,3,5,"G(->(x1,G(x0)))",10.30293084308505,8,5,3,experiments/dtSubset3Repetitions3/0194_tree.txt
2018-05-24 09:18,traces/generated/5to10Traces/0024.trace,25,25,3,3,5,"->(F(x1),U(!(x0),x1))",13.173781715333462,9,4,3,experiments/dtSubset3Repetitions3/0024_tree.txt
2018-05-24 09:18,traces/generated/5to10Traces/0148.trace,200,200,1,2,5,G(x0),0.5188727974891663,2,1,3,experiments/dtSubset3Repetitions3/0148_tree.txt
2018-05-24 09:18,traces/generated/5to10Traces/0127.trace,2,200,6,4,10,"G(&(x0,->(!(x1),U(!(x1),&(x2,!(x1))))))",0.9111847020685673,4,1,3,experiments/dtSubset3Repetitions3/0127_tree.txt
2018-05-24 09:18,traces/generated/5to10Traces/0071.trace,50,8,4,3,10,"|(G(!(x0)),F(&(x0,F(x1))))",7.811909444630146,4,3,3,experiments/dtSubset3Repetitions3/0071_tree.txt
2018-05-24 09:18,traces/generated/5to10Traces/0172.trace,225,225,2,3,5,"->(F(x1),U(x0,x1))",28.147523891180754,14,2,3,experiments/dtSubset3Repetitions3/0172_tree.txt
2018-05-24 09:19,traces/generated/5to10Traces/0050.trace,75,75,4,3,5,"G(->(x1,G(!(x0))))",12.229691602289677,10,10,3,experiments/dtSubset3Repetitions3/0050_tree.txt
2018-05-24 09:19,traces/generated/5to10Traces/0153.trace,11,250,1,2,10,G(x0),0.4842112846672535,2,1,3,experiments/dtSubset3Repetitions3/0153_tree.txt
2018-05-24 09:19,traces/generated/5to10Traces/0130.trace,173,250,6,4,5,"G(&(x0,->(!(x1),U(!(x1),&(x2,!(x1))))))",102.61373248323798,41,12,3,experiments/dtSubset3Repetitions3/0130_tree.txt
2018-05-24 09:21,traces/generated/5to10Traces/0033.trace,125,125,3,3,10,"->(F(x1),U(!(x0),x1))",5.426026146858931,1,1,3,experiments/dtSubset3Repetitions3/0033_tree.txt
2018-05-24 09:21,traces/generated/5to10Traces/0183.trace,19,75,3,3,10,"G(->(x1,G(x0)))",41.534868370741606,13,4,3,experiments/dtSubset3Repetitions3/0183_tree.txt
2018-05-24 09:22,traces/generated/5to10Traces/0080.trace,175,175,4,3,5,"|(G(!(x0)),F(&(x0,F(x1))))",8.394512593746185,7,6,3,experiments/dtSubset3Repetitions3/0080_tree.txt
2018-05-24 09:22,traces/generated/5to10Traces/0012.trace,150,150,2,2,5,G(!(x0)),1.8134273812174797,2,1,3,experiments/dtSubset3Repetitions3/0012_tree.txt
2018-05-24 09:22,traces/generated/5to10Traces/0029.trace,75,75,3,3,10,"->(F(x1),U(!(x0),x1))",26.617579761892557,10,1,3,experiments/dtSubset3Repetitions3/0029_tree.txt
2018-05-24 09:22,traces/generated/5to10Traces/0046.trace,25,25,4,3,5,"G(->(x1,G(!(x0))))",22.317402694374323,9,6,3,experiments/dtSubset3Repetitions3/0046_tree.txt
2018-05-24 09:23,traces/generated/5to10Traces/0145.trace,4,150,1,2,10,G(x0),0.4627988412976265,1,1,3,experiments/dtSubset3Repetitions3/0145_tree.txt
2018-05-24 09:23,traces/generated/5to10Traces/0008.trace,100,100,2,2,5,G(!(x0)),0.8146894946694374,1,1,3,experiments/dtSubset3Repetitions3/0008_tree.txt
2018-05-24 09:23,traces/generated/5to10Traces/0164.trace,125,125,2,3,5,"->(F(x1),U(x0,x1))",9.662475768476725,7,2,3,experiments/dtSubset3Repetitions3/0164_tree.txt
2018-05-24 09:23,traces/generated/5to10Traces/0107.trace,225,8,1,2,10,F(x0),0.5033809058368206,1,1,3,experiments/dtSubset3Repetitions3/0107_tree.txt
2018-05-24 09:23,traces/generated/5to10Traces/0195.trace,44,225,3,3,10,"G(->(x1,G(x0)))",70.36005753651261,14,9,3,experiments/dtSubset3Repetitions3/0195_tree.txt
2018-05-24 09:24,traces/generated/5to10Traces/0168.trace,175,175,2,3,5,"->(F(x1),U(x0,x1))",3.18420897051692,2,2,3,experiments/dtSubset3Repetitions3/0168_tree.txt
2018-05-24 09:24,traces/generated/5to10Traces/0096.trace,100,100,1,2,5,F(x0),0.25840020924806595,1,1,3,experiments/dtSubset3Repetitions3/0096_tree.txt
2018-05-24 09:24,traces/generated/5to10Traces/0004.trace,50,50,2,2,5,G(!(x0)),0.9148733578622341,2,1,3,experiments/dtSubset3Repetitions3/0004_tree.txt
2018-05-24 09:24,traces/generated/5to10Traces/0149.trace,11,200,1,2,10,G(x0),0.4637641906738281,1,1,3,experiments/dtSubset3Repetitions3/0149_tree.txt
2018-05-24 09:24,traces/generated/5to10Traces/0126.trace,137,200,6,4,5,"G(&(x0,->(!(x1),U(!(x1),&(x2,!(x1))))))",128.09746006131172,40,10,3,experiments/dtSubset3Repetitions3/0126_tree.txt
2018-05-24 09:26,traces/generated/5to10Traces/0025.trace,25,25,3,3,10,"->(F(x1),U(!(x0),x1))",10.913134522736073,4,1,3,experiments/dtSubset3Repetitions3/0025_tree.txt
2018-05-24 09:26,traces/generated/5to10Traces/0116.trace,57,75,6,4,5,"G(&(x0,->(!(x1),U(!(x1),&(x2,!(x1))))))",25.28742193430662,20,4,3,experiments/dtSubset3Repetitions3/0116_tree.txt
2018-05-24 09:27,traces/generated/5to10Traces/0184.trace,100,100,3,3,5,"G(->(x1,G(x0)))",9.81651982292533,3,1,3,experiments/dtSubset3Repetitions3/0184_tree.txt
2018-05-24 09:27,traces/generated/5to10Traces/0179.trace,6,25,3,3,10,"G(->(x1,G(x0)))",10.26036262512207,4,3,3,experiments/dtSubset3Repetitions3/0179_tree.txt
2018-05-24 09:27,traces/generated/5to10Traces/0087.trace,250,36,4,3,10,"|(G(!(x0)),F(&(x0,F(x1))))",309.40699841454625,45,8,3,experiments/dtSubset3Repetitions3/0087_tree.txt
2018-05-24 09:32,traces/generated/5to10Traces/0015.trace,10,175,2,2,10,G(!(x0)),1.8143037147819996,1,1,3,experiments/dtSubset3Repetitions3/0015_tree.txt
2018-05-24 09:32,traces/generated/5to10Traces/0158.trace,50,50,2,3,5,"->(F(x1),U(x0,x1))",6.261460926383734,9,2,3,experiments/dtSubset3Repetitions3/0158_tree.txt
2018-05-24 09:33,traces/generated/5to10Traces/0137.trace,2,50,1,2,10,G(x0),0.37641866877675056,1,1,3,experiments/dtSubset3Repetitions3/0137_tree.txt
2018-05-24 09:33,traces/generated/5to10Traces/0034.trace,150,150,3,3,5,"->(F(x1),U(!(x0),x1))",8.82222693040967,12,2,3,experiments/dtSubset3Repetitions3/0034_tree.txt
2018-05-24 09:33,traces/generated/5to10Traces/0038.trace,200,200,3,3,5,"->(F(x1),U(!(x0),x1))",40.27558885514736,13,2,3,experiments/dtSubset3Repetitions3/0038_tree.txt
2018-05-24 09:33,traces/generated/5to10Traces/0057.trace,23,150,4,3,10,"G(->(x1,G(!(x0))))",44.190358612686396,10,5,3,experiments/dtSubset3Repetitions3/0057_tree.txt
2018-05-24 09:34,traces/generated/5to10Traces/0154.trace,5,5,2,3,5,"->(F(x1),U(x0,x1))",1.5480015985667706,3,1,3,experiments/dtSubset3Repetitions3/0154_tree.txt
2018-05-24 09:34,traces/generated/5to10Traces/0076.trace,125,125,4,3,5,"|(G(!(x0)),F(&(x0,F(x1))))",18.69525735080242,19,4,3,experiments/dtSubset3Repetitions3/0076_tree.txt
2018-05-24 09:34,traces/generated/5to10Traces/0019.trace,14,225,2,2,10,G(!(x0)),1.8073612041771412,1,1,3,experiments/dtSubset3Repetitions3/0019_tree.txt
2018-05-24 09:34,traces/generated/5to10Traces/0188.trace,150,150,3,3,5,"G(->(x1,G(x0)))",11.29871428757906,11,9,3,experiments/dtSubset3Repetitions3/0188_tree.txt
2018-05-24 09:35,traces/generated/5to10Traces/0175.trace,250,250,2,3,10,"->(F(x1),U(x0,x1))",8.739689636975527,6,1,3,experiments/dtSubset3Repetitions3/0175_tree.txt
2018-05-24 09:35,traces/generated/5to10Traces/0121.trace,2,125,6,4,10,"G(&(x0,->(!(x1),U(!(x1),&(x2,!(x1))))))",0.38608210161328316,1,1,3,experiments/dtSubset3Repetitions3/0121_tree.txt
2018-05-24 09:35,traces/generated/5to10Traces/0022.trace,5,5,3,3,5,"->(F(x1),U(!(x0),x1))",0.231192484498024,2,2,3,experiments/dtSubset3Repetitions3/0022_tree.txt
2018-05-24 09:35,traces/generated/5to10Traces/0100.trace,150,150,1,2,5,F(x0),0.28815995156764984,1,1,3,experiments/dtSubset3Repetitions3/0100_tree.txt
2018-05-24 09:35,traces/generated/5to10Traces/0192.trace,200,200,3,3,5,"G(->(x1,G(x0)))",19.994522966444492,14,6,3,experiments/dtSubset3Repetitions3/0192_tree.txt
2018-05-24 09:35,traces/generated/5to10Traces/0091.trace,25,2,1,2,10,F(x0),0.3889382928609848,1,1,3,experiments/dtSubset3Repetitions3/0091_tree.txt
2018-05-24 09:35,traces/generated/5to10Traces/0003.trace,1,25,2,2,10,G(!(x0)),2.430967252701521,3,1,3,experiments/dtSubset3Repetitions3/0003_tree.txt
2018-05-24 09:35,traces/generated/5to10Traces/0060.trace,200,200,4,3,5,"G(->(x1,G(!(x0))))",59.91001891717315,26,11,3,experiments/dtSubset3Repetitions3/0060_tree.txt
2018-05-24 09:36,traces/generated/5to10Traces/0163.trace,100,100,2,3,10,"->(F(x1),U(x0,x1))",2.097628965973854,2,1,3,experiments/dtSubset3Repetitions3/0163_tree.txt
2018-05-24 09:36,traces/generated/5to10Traces/0041.trace,225,225,3,3,10,"->(F(x1),U(!(x0),x1))",9.368672668933868,5,1,3,experiments/dtSubset3Repetitions3/0041_tree.txt
2018-05-24 09:36,traces/generated/5to10Traces/0142.trace,125,125,1,2,5,G(x0),0.26990391686558723,1,1,3,experiments/dtSubset3Repetitions3/0142_tree.txt
2018-05-24 09:36,traces/generated/5to10Traces/0086.trace,250,250,4,3,5,"|(G(!(x0)),F(&(x0,F(x1))))",68.65524691715837,28,6,3,experiments/dtSubset3Repetitions3/0086_tree.txt
2018-05-24 09:38,traces/generated/5to10Traces/0014.trace,175,175,2,2,5,G(!(x0)),0.9423880949616432,1,1,3,experiments/dtSubset3Repetitions3/0014_tree.txt
2018-05-24 09:38,traces/generated/5to10Traces/0117.trace,1,75,6,4,10,"G(&(x0,->(!(x1),U(!(x1),&(x2,!(x1))))))",1.6563143692910671,2,2,3,experiments/dtSubset3Repetitions3/0117_tree.txt
2018-05-24 09:38,traces/generated/5to10Traces/0178.trace,25,25,3,3,5,"G(->(x1,G(x0)))",16.192559774965048,13,11,3,experiments/dtSubset3Repetitions3/0178_tree.txt
2018-05-24 09:38,traces/generated/5to10Traces/0185.trace,20,100,3,3,10,"G(->(x1,G(x0)))",71.01711573079228,16,3,3,experiments/dtSubset3Repetitions3/0185_tree.txt
2018-05-24 09:39,traces/generated/5to10Traces/0035.trace,150,150,3,3,10,"->(F(x1),U(!(x0),x1))",4.567337702959776,1,1,3,experiments/dtSubset3Repetitions3/0035_tree.txt
2018-05-24 09:39,traces/generated/5to10Traces/0159.trace,50,50,2,3,10,"->(F(x1),U(x0,x1))",3.5111309364438057,4,1,3,experiments/dtSubset3Repetitions3/0159_tree.txt
2018-05-24 09:39,traces/generated/5to10Traces/0136.trace,50,50,1,2,5,G(x0),0.19326606392860413,1,1,3,experiments/dtSubset3Repetitions3/0136_tree.txt
2018-05-24 09:39,traces/generated/5to10Traces/0155.trace,5,5,2,3,10,"->(F(x1),U(x0,x1))",0.06314130499958992,1,1,3,experiments/dtSubset3Repetitions3/0155_tree.txt
2018-05-24 09:39,traces/generated/5to10Traces/0039.trace,200,200,3,3,10,"->(F(x1),U(!(x0),x1))",9.636037491261959,5,1,3,experiments/dtSubset3Repetitions3/0039_tree.txt
2018-05-24 09:39,traces/generated/5to10Traces/0056.trace,150,150,4,3,5,"G(->(x1,G(!(x0))))",37.094953164458275,25,12,3,experiments/dtSubset3Repetitions3/0056_tree.txt
2018-05-24 09:40,traces/generated/5to10Traces/0174.trace,250,250,2,3,5,"->(F(x1),U(x0,x1))",24.748492445796728,12,2,3,experiments/dtSubset3Repetitions3/0174_tree.txt
2018-05-24 09:40,traces/generated/5to10Traces/0189.trace,24,150,3,3,10,"G(->(x1,G(x0)))",130.3527862727642,23,5,3,experiments/dtSubset3Repetitions3/0189_tree.txt
2018-05-24 09:43,traces/generated/5to10Traces/0077.trace,125,19,4,3,10,"|(G(!(x0)),F(&(x0,F(x1))))",47.21036270260811,12,2,3,experiments/dtSubset3Repetitions3/0077_tree.txt
2018-05-24 09:43,traces/generated/5to10Traces/0018.trace,225,225,2,2,5,G(!(x0)),1.0228232182562351,1,1,3,experiments/dtSubset3Repetitions3/0018_tree.txt
2018-05-24 09:43,traces/generated/5to10Traces/0023.trace,5,5,3,3,10,"->(F(x1),U(!(x0),x1))",6.295803528279066,1,1,3,experiments/dtSubset3Repetitions3/0023_tree.txt
2018-05-24 09:44,traces/generated/5to10Traces/0120.trace,69,125,6,4,5,"G(&(x0,->(!(x1),U(!(x1),&(x2,!(x1))))))",0.3361840322613716,2,1,3,experiments/dtSubset3Repetitions3/0120_tree.txt
2018-05-24 09:44,traces/generated/5to10Traces/0090.trace,25,25,1,2,5,F(x0),0.21914608031511307,1,1,3,experiments/dtSubset3Repetitions3/0090_tree.txt
2018-05-24 09:44,traces/generated/5to10Traces/0002.trace,25,25,2,2,5,G(!(x0)),0.7373432964086533,1,1,3,experiments/dtSubset3Repetitions3/0002_tree.txt
2018-05-24 09:44,traces/generated/5to10Traces/0101.trace,150,10,1,2,10,F(x0),0.4649416394531727,1,1,3,experiments/dtSubset3Repetitions3/0101_tree.txt
2018-05-24 09:44,traces/generated/5to10Traces/0193.trace,39,200,3,3,10,"G(->(x1,G(x0)))",10.272747498005629,4,4,3,experiments/dtSubset3Repetitions3/0193_tree.txt
2018-05-24 09:44,traces/generated/5to10Traces/0162.trace,100,100,2,3,5,"->(F(x1),U(x0,x1))",4.961559593677521,8,3,3,experiments/dtSubset3Repetitions3/0162_tree.txt
2018-05-24 09:44,traces/generated/5to10Traces/0061.trace,42,200,4,3,10,"G(->(x1,G(!(x0))))",191.6023528650403,31,12,3,experiments/dtSubset3Repetitions3/0061_tree.txt
2018-05-24 09:47,traces/generated/5to10Traces/0143.trace,5,125,1,2,10,G(x0),0.8683232329785824,2,1,3,experiments/dtSubset3Repetitions3/0143_tree.txt
2018-05-24 09:47,traces/generated/5to10Traces/0040.trace,225,225,3,3,5,"->(F(x1),U(!(x0),x1))",17.579113572835922,12,2,3,experiments/dtSubset3Repetitions3/0040_tree.txt
2018-05-24 09:47,traces/generated/5to10Traces/0135.trace,2,25,1,2,10,G(x0),0.3251301012933254,1,1,3,experiments/dtSubset3Repetitions3/0135_tree.txt
2018-05-24 09:47,traces/generated/5to10Traces/0059.trace,39,175,4,3,10,"G(->(x1,G(!(x0))))",91.37089696899056,19,10,3,experiments/dtSubset3Repetitions3/0059_tree.txt
2018-05-24 09:49,traces/generated/5to10Traces/0036.trace,175,175,3,3,5,"->(F(x1),U(!(x0),x1))",35.17299261316657,19,2,3,experiments/dtSubset3Repetitions3/0036_tree.txt
2018-05-24 09:49,traces/generated/5to10Traces/0186.trace,125,125,3,3,5,"G(->(x1,G(x0)))",18.045248791575432,17,7,3,experiments/dtSubset3Repetitions3/0186_tree.txt
2018-05-24 09:50,traces/generated/5to10Traces/0114.trace,37,50,6,4,5,"G(&(x0,->(!(x1),U(!(x1),&(x2,!(x1))))))",19.86581402644515,14,5,3,experiments/dtSubset3Repetitions3/0114_tree.txt
2018-05-24 09:50,traces/generated/5to10Traces/0017.trace,8,200,2,2,10,G(!(x0)),2.500055354088545,2,2,3,experiments/dtSubset3Repetitions3/0017_tree.txt
2018-05-24 09:50,traces/generated/5to10Traces/0085.trace,225,32,4,3,10,"|(G(!(x0)),F(&(x0,F(x1))))",113.35441275313497,23,2,3,experiments/dtSubset3Repetitions3/0085_tree.txt
2018-05-24 09:52,traces/generated/5to10Traces/0078.trace,150,150,4,3,5,"|(G(!(x0)),F(&(x0,F(x1))))",17.182894185185432,11,2,3,experiments/dtSubset3Repetitions3/0078_tree.txt
2018-05-24 09:52,traces/generated/5to10Traces/0074.trace,100,100,4,3,5,"|(G(!(x0)),F(&(x0,F(x1))))",60.20710489526391,29,6,3,experiments/dtSubset3Repetitions3/0074_tree.txt
2018-05-24 09:53,traces/generated/5to10Traces/0177.trace,3,5,3,3,10,"G(->(x1,G(x0)))",2.641042660921812,3,3,3,experiments/dtSubset3Repetitions3/0177_tree.txt
2018-05-24 09:53,traces/generated/5to10Traces/0118.trace,63,100,6,4,5,"G(&(x0,->(!(x1),U(!(x1),&(x2,!(x1))))))",42.879639375954866,17,7,3,experiments/dtSubset3Repetitions3/0118_tree.txt
2018-05-24 09:54,traces/generated/5to10Traces/0055.trace,23,125,4,3,10,"G(->(x1,G(!(x0))))",112.06037290021777,21,5,3,experiments/dtSubset3Repetitions3/0055_tree.txt
2018-05-24 09:56,traces/generated/5to10Traces/0139.trace,3,75,1,2,10,G(x0),0.4800442159175873,1,1,3,experiments/dtSubset3Repetitions3/0139_tree.txt
2018-05-24 09:56,traces/generated/5to10Traces/0156.trace,25,25,2,3,5,"->(F(x1),U(x0,x1))",5.128775849938393,2,1,3,experiments/dtSubset3Repetitions3/0156_tree.txt
2018-05-24 09:56,traces/generated/5to10Traces/0190.trace,175,175,3,3,5,"G(->(x1,G(x0)))",20.90743862465024,15,9,3,experiments/dtSubset3Repetitions3/0190_tree.txt
2018-05-24 09:56,traces/generated/5to10Traces/0102.trace,175,175,1,2,5,F(x0),0.38864149898290634,1,1,3,experiments/dtSubset3Repetitions3/0102_tree.txt
2018-05-24 09:56,traces/generated/5to10Traces/0093.trace,50,3,1,2,10,F(x0),0.46796825155615807,2,1,3,experiments/dtSubset3Repetitions3/0093_tree.txt
2018-05-24 09:56,traces/generated/5to10Traces/0020.trace,250,250,2,2,5,G(!(x0)),1.1995563097298145,1,1,3,experiments/dtSubset3Repetitions3/0020_tree.txt
2018-05-24 09:56,traces/generated/5to10Traces/0043.trace,250,250,3,3,10,"->(F(x1),U(!(x0),x1))",5.62053257226944,2,1,3,experiments/dtSubset3Repetitions3/0043_tree.txt
2018-05-24 09:57,traces/generated/5to10Traces/0140.trace,100,100,1,2,5,G(x0),0.3204604685306549,1,1,3,experiments/dtSubset3Repetitions3/0140_tree.txt
2018-05-24 09:57,traces/generated/5to10Traces/0062.trace,225,225,4,3,5,"G(->(x1,G(!(x0))))",104.75673982128501,40,6,3,experiments/dtSubset3Repetitions3/0062_tree.txt
2018-05-24 09:58,traces/generated/5to10Traces/0161.trace,75,75,2,3,10,"->(F(x1),U(x0,x1))",4.280283700674772,4,1,3,experiments/dtSubset3Repetitions3/0161_tree.txt
2018-05-24 09:58,traces/generated/5to10Traces/0058.trace,175,175,4,3,5,"G(->(x1,G(!(x0))))",42.5033963881433,21,9,3,experiments/dtSubset3Repetitions3/0058_tree.txt
2018-05-24 09:59,traces/generated/5to10Traces/0037.trace,175,175,3,3,10,"->(F(x1),U(!(x0),x1))",14.352498188614845,4,1,3,experiments/dtSubset3Repetitions3/0037_tree.txt
2018-05-24 09:59,traces/generated/5to10Traces/0134.trace,25,25,1,2,5,G(x0),0.21420354768633842,2,1,3,experiments/dtSubset3Repetitions3/0134_tree.txt
2018-05-24 09:59,traces/generated/5to10Traces/0016.trace,200,200,2,2,5,G(!(x0)),0.8108628392219543,1,1,3,experiments/dtSubset3Repetitions3/0016_tree.txt
2018-05-24 09:59,traces/generated/5to10Traces/0079.trace,150,33,4,3,10,"|(G(!(x0)),F(&(x0,F(x1))))",82.0299681276083,15,3,3,experiments/dtSubset3Repetitions3/0079_tree.txt
2018-05-24 10:01,traces/generated/5to10Traces/0084.trace,225,225,4,3,5,"|(G(!(x0)),F(&(x0,F(x1))))",129.61568220704794,44,4,3,experiments/dtSubset3Repetitions3/0084_tree.txt
2018-05-24 10:03,traces/generated/5to10Traces/0187.trace,20,125,3,3,10,"G(->(x1,G(x0)))",13.12795490771532,4,4,3,experiments/dtSubset3Repetitions3/0187_tree.txt
2018-05-24 10:03,traces/generated/5to10Traces/0176.trace,5,5,3,3,5,"G(->(x1,G(x0)))",0.9478969052433968,2,1,3,experiments/dtSubset3Repetitions3/0176_tree.txt
2018-05-24 10:03,traces/generated/5to10Traces/0119.trace,1,100,6,4,10,"G(&(x0,->(!(x1),U(!(x1),&(x2,!(x1))))))",0.3873162940144539,2,1,3,experiments/dtSubset3Repetitions3/0119_tree.txt
2018-05-24 10:03,traces/generated/5to10Traces/0075.trace,100,22,4,3,10,"|(G(!(x0)),F(&(x0,F(x1))))",34.10573821887374,13,10,3,experiments/dtSubset3Repetitions3/0075_tree.txt
2018-05-24 10:04,traces/generated/5to10Traces/0088.trace,5,5,1,2,5,F(x0),0.19089043512940407,1,1,3,experiments/dtSubset3Repetitions3/0088_tree.txt
2018-05-24 10:04,traces/generated/5to10Traces/0138.trace,75,75,1,2,5,G(x0),0.21453379094600677,1,1,3,experiments/dtSubset3Repetitions3/0138_tree.txt
2018-05-24 10:04,traces/generated/5to10Traces/0157.trace,25,25,2,3,10,"->(F(x1),U(x0,x1))",3.912103559821844,4,1,3,experiments/dtSubset3Repetitions3/0157_tree.txt
2018-05-24 10:04,traces/generated/5to10Traces/0054.trace,125,125,4,3,5,"G(->(x1,G(!(x0))))",27.676198855042458,15,10,3,experiments/dtSubset3Repetitions3/0054_tree.txt
2018-05-24 10:04,traces/generated/5to10Traces/0000.trace,5,5,2,2,5,G(!(x0)),0.7621886357665062,1,1,3,experiments/dtSubset3Repetitions3/0000_tree.txt
2018-05-24 10:04,traces/generated/5to10Traces/0092.trace,50,50,1,2,5,F(x0),0.25470900535583496,1,1,3,experiments/dtSubset3Repetitions3/0092_tree.txt
2018-05-24 10:04,traces/generated/5to10Traces/0191.trace,37,175,3,3,10,"G(->(x1,G(x0)))",198.76104530319571,28,3,3,experiments/dtSubset3Repetitions3/0191_tree.txt
2018-05-24 10:08,traces/generated/5to10Traces/0103.trace,175,7,1,2,10,F(x0),0.5198571644723415,2,1,3,experiments/dtSubset3Repetitions3/0103_tree.txt
2018-05-24 10:08,traces/generated/5to10Traces/0021.trace,14,250,2,2,10,G(!(x0)),2.306368201971054,2,2,3,experiments/dtSubset3Repetitions3/0021_tree.txt
2018-05-24 10:08,traces/generated/5to10Traces/0122.trace,108,150,6,4,5,"G(&(x0,->(!(x1),U(!(x1),&(x2,!(x1))))))",55.904074154794216,18,5,3,experiments/dtSubset3Repetitions3/0122_tree.txt
2018-05-24 10:09,traces/generated/5to10Traces/0141.trace,7,100,1,2,10,G(x0),0.5070419460535049,1,1,3,experiments/dtSubset3Repetitions3/0141_tree.txt
2018-05-24 10:09,traces/generated/5to10Traces/0042.trace,250,250,3,3,5,"->(F(x1),U(!(x0),x1))",20.378013737499714,13,2,3,experiments/dtSubset3Repetitions3/0042_tree.txt
2018-05-24 10:09,traces/generated/5to10Traces/0160.trace,75,75,2,3,5,"->(F(x1),U(x0,x1))",2.1559680476784706,3,2,3,experiments/dtSubset3Repetitions3/0160_tree.txt
2018-05-24 10:09,traces/generated/5to10Traces/0063.trace,56,225,4,3,10,"G(->(x1,G(!(x0))))",192.79662169516087,37,9,3,experiments/dtSubset3Repetitions3/0063_tree.txt
