time of writing,name of the test file,number of accepting traces,number or rejecting traces,depth of formula,number of variables,max length of traces,specified formula,solving time sat,obtained formula sat,comment sat,,,
5/23/2018 1:05,traces/generated/5to10OneThree/0022.trace,5,5,3,3,5,"->(F(x1),U(!(x0),x1))",1.078799113,"|(x1,X(x1))",,50,1.078799113,"(50,1.078799113)"
5/22/2018 19:50,traces/generated/5to10OneThree/0024.trace,25,25,3,3,5,"->(F(x1),U(!(x0),x1))",108.6956572,"U(->(x0,G(x0)),|(x1,G(x0)))",,250,108.6956572,"(250,108.6956572)"
5/22/2018 21:32,traces/generated/5to10OneThree/0026.trace,50,50,3,3,5,"->(F(x1),U(!(x0),x1))",257.9624108,"U(->(x0,x1),->(F(x1),x1))",,500,257.9624108,"(500,257.9624108)"
5/22/2018 19:37,traces/generated/5to10OneThree/0028.trace,75,75,3,3,5,"->(F(x1),U(!(x0),x1))",483.59438,"U(->(x0,x1),->(F(x1),x1))",,750,483.59438,"(750,483.59438)"
5/22/2018 21:56,traces/generated/5to10OneThree/0030.trace,100,100,3,3,5,"->(F(x1),U(!(x0),x1))",/,/,timeout: 600,1000,600,"(1000,600)"
5/22/2018 20:12,traces/generated/5to10OneThree/0032.trace,125,125,3,3,5,"->(F(x1),U(!(x0),x1))",/,/,timeout: 600,1250,600,"(1250,600)"
5/23/2018 1:22,traces/generated/5to10OneThree/0034.trace,150,150,3,3,5,"->(F(x1),U(!(x0),x1))",/,/,timeout: 600,1500,600,"(1500,600)"
5/22/2018 23:48,traces/generated/5to10OneThree/0036.trace,175,175,3,3,5,"->(F(x1),U(!(x0),x1))",/,/,timeout: 600,1750,600,"(1750,600)"
5/23/2018 1:44,traces/generated/5to10OneThree/0038.trace,200,200,3,3,5,"->(F(x1),U(!(x0),x1))",/,/,timeout: 600,2000,600,"(2000,600)"
5/23/2018 0:18,traces/generated/5to10OneThree/0040.trace,225,225,3,3,5,"->(F(x1),U(!(x0),x1))",/,/,timeout: 600,2250,600,"(2250,600)"
5/22/2018 22:18,traces/generated/5to10OneThree/0042.trace,250,250,3,3,5,"->(F(x1),U(!(x0),x1))",/,/,timeout: 600,2500,600,"(2500,600)"
5/23/2018 0:18,traces/generated/5to10OneThree/0023.trace,5,5,3,3,10,"->(F(x1),U(!(x0),x1))",8.335977447,"U(->(x0,x1),x1)",,100,8.335977447,"(100,8.335977447)"
5/22/2018 19:19,traces/generated/5to10OneThree/0025.trace,25,25,3,3,10,"->(F(x1),U(!(x0),x1))",42.44848162,"U(!(x0),x1)",,500,42.44848162,"(500,42.44848162)"
5/22/2018 20:43,traces/generated/5to10OneThree/0027.trace,50,50,3,3,10,"->(F(x1),U(!(x0),x1))",86.11942547,"U(!(x0),x1)",,1000,86.11942547,"(1000,86.11942547)"
5/22/2018 19:14,traces/generated/5to10OneThree/0029.trace,75,75,3,3,10,"->(F(x1),U(!(x0),x1))",130.7701903,"U(!(x0),x1)",,1500,130.7701903,"(1500,130.7701903)"
5/22/2018 20:58,traces/generated/5to10OneThree/0031.trace,100,100,3,3,10,"->(F(x1),U(!(x0),x1))",170.0726865,"U(->(x0,x1),x1)",,2000,170.0726865,"(2000,170.0726865)"
5/22/2018 19:33,traces/generated/5to10OneThree/0033.trace,125,125,3,3,10,"->(F(x1),U(!(x0),x1))",209.9510419,"U(->(x0,x1),x1)",,2500,209.9510419,"(2500,209.9510419)"
5/23/2018 0:38,traces/generated/5to10OneThree/0035.trace,150,150,3,3,10,"->(F(x1),U(!(x0),x1))",244.0311845,"U(!(x0),x1)",,3000,244.0311845,"(3000,244.0311845)"
5/22/2018 22:49,traces/generated/5to10OneThree/0037.trace,175,175,3,3,10,"->(F(x1),U(!(x0),x1))",295.0637203,"U(!(x0),x1)",,3500,295.0637203,"(3500,295.0637203)"
5/23/2018 0:49,traces/generated/5to10OneThree/0039.trace,200,200,3,3,10,"->(F(x1),U(!(x0),x1))",356.8050514,"U(!(x0),x1)",,4000,356.8050514,"(4000,356.8050514)"
5/23/2018 1:05,traces/generated/5to10OneThree/0041.trace,225,225,3,3,10,"->(F(x1),U(!(x0),x1))",395.5378082,"U(!(x0),x1)",,4500,395.5378082,"(4500,395.5378082)"
5/22/2018 23:20,traces/generated/5to10OneThree/0043.trace,250,250,3,3,10,"->(F(x1),U(!(x0),x1))",439.2928944,"U(!(x0),x1)",,5000,439.2928944,"(5000,439.2928944)"
5/22/2018 20:30,traces/generated/5to10twothree/0154.trace,5,5,2,3,5,"->(F(x1),U(x0,x1))",1.255856369,"U(x0,x1)",,50,1.255856369,"(50,1.255856369)"
5/22/2018 19:45,traces/generated/5to10twothree/0156.trace,25,25,2,3,5,"->(F(x1),U(x0,x1))",36.23891498,"->(F(U(x0,x1)),U(x0,x1))",,250,36.23891498,"(250,36.23891498)"
5/22/2018 20:29,traces/generated/5to10twothree/0158.trace,50,50,2,3,5,"->(F(x1),U(x0,x1))",76.04130768,"U(x0,->(F(x1),x1))",,500,76.04130768,"(500,76.04130768)"
5/22/2018 20:07,traces/generated/5to10twothree/0160.trace,75,75,2,3,5,"->(F(x1),U(x0,x1))",109.1952624,"U(x0,->(F(x1),x1))",,750,109.1952624,"(750,109.1952624)"
5/22/2018 20:44,traces/generated/5to10twothree/0162.trace,100,100,2,3,5,"->(F(x1),U(x0,x1))",144.087493,"U(x0,->(F(x1),x1))",,1000,144.087493,"(1000,144.087493)"
5/22/2018 21:26,traces/generated/5to10twothree/0164.trace,125,125,2,3,5,"->(F(x1),U(x0,x1))",242.1691443,"->(F(x1),U(x0,x1))",,1250,242.1691443,"(1250,242.1691443)"
5/22/2018 21:23,traces/generated/5to10threethree/0166.trace,150,150,2,3,5,"->(F(x1),U(x0,x1))",246.8896494131,"U(x0,->(F(x1),x1))",,1500,246.8896494131,"(1500,246.88964941306)"
5/22/2018 20:44,traces/generated/5to10threethree/0168.trace,175,175,2,3,5,"->(F(x1),U(x0,x1))",284.1370065792,"->(F(x1),U(x0,x1))",,1750,284.1370065792,"(1750,284.137006579199)"
5/22/2018 21:37,traces/generated/5to10threethree/0170.trace,200,200,2,3,5,"->(F(x1),U(x0,x1))",353.6830849079,"U(x0,->(F(x1),x1))",,2000,353.6830849079,"(2000,353.683084907941)"
5/22/2018 20:49,traces/generated/5to10threethree/0172.trace,225,225,2,3,5,"->(F(x1),U(x0,x1))",438.9435834659,"U(x0,->(F(x1),x1))",,2250,438.9435834659,"(2250,438.943583465879)"
5/22/2018 19:56,traces/generated/5to10threethree/0174.trace,250,250,2,3,5,"->(F(x1),U(x0,x1))",440.83606087,"->(F(x1),U(x0,x1))",,2500,440.83606087,"(2500,440.836060869973)"
5/22/2018 20:43,traces/generated/5to10twothree/0155.trace,5,5,2,3,10,"->(F(x1),U(x0,x1))",0.092348769,x1,,100,0.092348769,"(100,0.092348769)"
5/22/2018 19:57,traces/generated/5to10twothree/0157.trace,25,25,2,3,10,"->(F(x1),U(x0,x1))",14.85928108,"U(x0,x1)",,500,14.85928108,"(500,14.85928108)"
5/22/2018 20:43,traces/generated/5to10twothree/0159.trace,50,50,2,3,10,"->(F(x1),U(x0,x1))",28.43727728,"U(x0,x1)",,1000,28.43727728,"(1000,28.43727728)"
5/22/2018 19:46,traces/generated/5to10twothree/0161.trace,75,75,2,3,10,"->(F(x1),U(x0,x1))",41.18905482,"U(x0,x1)",,1500,41.18905482,"(1500,41.18905482)"
5/22/2018 20:31,traces/generated/5to10twothree/0163.trace,100,100,2,3,10,"->(F(x1),U(x0,x1))",56.73567641,"U(x0,x1)",,2000,56.73567641,"(2000,56.73567641)"
5/22/2018 21:01,traces/generated/5to10threethree/0165.trace,125,125,2,3,10,"->(F(x1),U(x0,x1))",68.4503090449,"U(x0,x1)",,2500,68.4503090449,"(2500,68.4503090449143)"
5/22/2018 21:46,traces/generated/5to10threethree/0167.trace,150,150,2,3,10,"->(F(x1),U(x0,x1))",83.0684280919,"U(x0,x1)",,3000,83.0684280919,"(3000,83.0684280919376)"
5/22/2018 21:02,traces/generated/5to10threethree/0169.trace,175,175,2,3,10,"->(F(x1),U(x0,x1))",97.594743459,"U(x0,x1)",,3500,97.594743459,"(3500,97.5947434590198)"
5/22/2018 21:56,traces/generated/5to10threethree/0171.trace,200,200,2,3,10,"->(F(x1),U(x0,x1))",110.83159149,"U(x0,x1)",,4000,110.83159149,"(4000,110.831591489957)"
5/22/2018 21:11,traces/generated/5to10threethree/0173.trace,225,225,2,3,10,"->(F(x1),U(x0,x1))",/,/,,4500,600,"(4500,600)"
5/22/2018 20:32,traces/generated/5to10threethree/0175.trace,250,250,2,3,10,"->(F(x1),U(x0,x1))",139.1142325189,"U(x0,x1)",,5000,139.1142325189,"(5000,139.114232518943)"
5/22/2018 19:36,traces/generated/5to10OneThree/0066.trace,5,5,4,3,5,"|(G(!(x0)),F(&(x0,F(x1))))",0.363187034,F(x1),,50,0.363187034,"(50,0.363187034)"
5/22/2018 21:12,traces/generated/5to10OneThree/0068.trace,25,25,4,3,5,"|(G(!(x0)),F(&(x0,F(x1))))",/,/,timeout: 600,250,600,"(250,600)"
5/22/2018 20:02,traces/generated/5to10OneThree/0070.trace,50,50,4,3,5,"|(G(!(x0)),F(&(x0,F(x1))))",/,/,timeout: 600,500,600,"(500,600)"
5/22/2018 21:36,traces/generated/5to10OneThree/0072.trace,75,75,4,3,5,"|(G(!(x0)),F(&(x0,F(x1))))",/,/,timeout: 600,750,600,"(750,600)"
5/23/2018 0:08,traces/generated/5to10OneThree/0074.trace,100,100,4,3,5,"|(G(!(x0)),F(&(x0,F(x1))))",/,/,timeout: 600,1000,600,"(1000,600)"
5/23/2018 1:33,traces/generated/5to10OneThree/0076.trace,125,125,4,3,5,"|(G(!(x0)),F(&(x0,F(x1))))",/,/,timeout: 600,1250,600,"(1250,600)"
5/22/2018 23:28,traces/generated/5to10OneThree/0078.trace,150,150,4,3,5,"|(G(!(x0)),F(&(x0,F(x1))))",/,/,timeout: 600,1500,600,"(1500,600)"
5/22/2018 21:16,traces/generated/5to10twothree/0080.trace,175,175,4,3,5,"|(G(!(x0)),F(&(x0,F(x1))))",/,/,timeout: 600,1750,600,"(1750,600)"
5/22/2018 21:51,traces/generated/5to10twothree/0082.trace,200,200,4,3,5,"|(G(!(x0)),F(&(x0,F(x1))))",/,/,timeout: 600,2000,600,"(2000,600)"
5/22/2018 19:46,traces/generated/5to10twothree/0084.trace,225,225,4,3,5,"|(G(!(x0)),F(&(x0,F(x1))))",/,/,timeout: 600,2250,600,"(2250,600)"
5/22/2018 20:32,traces/generated/5to10twothree/0086.trace,250,250,4,3,5,"|(G(!(x0)),F(&(x0,F(x1))))",/,/,timeout: 600,2500,600,"(2500,600)"
5/22/2018 20:33,traces/generated/5to10OneThree/0069.trace,25,2,4,3,10,"|(G(!(x0)),F(&(x0,F(x1))))",1.545610508,F(x1),,270,1.545610508,"(270,1.545610508)"
5/22/2018 19:30,traces/generated/5to10OneThree/0071.trace,50,8,4,3,10,"|(G(!(x0)),F(&(x0,F(x1))))",132.6339507,"U(F(x1),&(F(x1),x0))",,580,132.6339507,"(580,132.6339507)"
5/22/2018 20:44,traces/generated/5to10OneThree/0073.trace,75,13,4,3,10,"|(G(!(x0)),F(&(x0,F(x1))))",229.3521951,"U(F(x1),&(x0,F(x1)))",,880,229.3521951,"(880,229.3521951)"
5/22/2018 23:04,traces/generated/5to10OneThree/0075.trace,100,22,4,3,10,"|(G(!(x0)),F(&(x0,F(x1))))",299.0292391,"U(F(x1),&(F(x1),x0))",,1220,299.0292391,"(1220,299.0292391)"
5/23/2018 0:43,traces/generated/5to10OneThree/0077.trace,125,19,4,3,10,"|(G(!(x0)),F(&(x0,F(x1))))",338.7342663,"U(F(x1),&(F(x1),x0))",,1440,338.7342663,"(1440,338.7342663)"
5/22/2018 22:29,traces/generated/5to10OneThree/0079.trace,150,33,4,3,10,"|(G(!(x0)),F(&(x0,F(x1))))",/,/,timeout: 600,1830,600,"(1830,600)"
5/22/2018 20:56,traces/generated/5to10twothree/0081.trace,175,30,4,3,10,"|(G(!(x0)),F(&(x0,F(x1))))",498.4718639,"U(F(x1),&(x0,F(x1)))",,2050,498.4718639,"(2050,498.4718639)"
5/22/2018 21:41,traces/generated/5to10twothree/0083.trace,200,34,4,3,10,"|(G(!(x0)),F(&(x0,F(x1))))",546.1009213,"U(F(x1),&(F(x1),x0))",,2340,546.1009213,"(2340,546.1009213)"
5/22/2018 19:25,traces/generated/5to10twothree/0085.trace,225,32,4,3,10,"|(G(!(x0)),F(&(x0,F(x1))))",/,/,timeout: 600,2570,600,"(2570,600)"
5/22/2018 20:19,traces/generated/5to10twothree/0087.trace,250,36,4,3,10,"|(G(!(x0)),F(&(x0,F(x1))))",/,/,timeout: 600,2860,600,"(2860,600)"
5/22/2018 19:56,traces/generated/5to10twothree/0088.trace,5,5,1,2,5,F(x0),0.332488794,F(x0),,50,0.332488794,"(50,0.332488794)"
5/22/2018 20:43,traces/generated/5to10twothree/0090.trace,25,25,1,2,5,F(x0),1.26728756,F(x0),,250,1.26728756,"(250,1.26728756)"
5/22/2018 19:57,traces/generated/5to10twothree/0092.trace,50,50,1,2,5,F(x0),2.164189417,F(x0),,500,2.164189417,"(500,2.164189417)"
5/22/2018 22:22,traces/generated/5to10twothree/0094.trace,75,75,1,2,5,F(x0),3.429005232,F(x0),,750,3.429005232,"(750,3.429005232)"
5/22/2018 21:30,traces/generated/5to10twothree/0096.trace,100,100,1,2,5,F(x0),4.344243106,F(x0),,1000,4.344243106,"(1000,4.344243106)"
5/22/2018 22:01,traces/generated/5to10twothree/0098.trace,125,125,1,2,5,F(x0),5.606333133,F(x0),,1250,5.606333133,"(1250,5.606333133)"
5/22/2018 20:30,traces/generated/5to10twothree/0100.trace,150,150,1,2,5,F(x0),6.380825151,F(x0),,1500,6.380825151,"(1500,6.380825151)"
5/22/2018 19:45,traces/generated/5to10twothree/0102.trace,175,175,1,2,5,F(x0),7.93596999,F(x0),,1750,7.93596999,"(1750,7.93596999)"
5/22/2018 21:51,traces/generated/5to10twothree/0104.trace,200,200,1,2,5,F(x0),9.067644384,F(x0),,2000,9.067644384,"(2000,9.067644384)"
5/22/2018 21:05,traces/generated/5to10twothree/0106.trace,225,225,1,2,5,F(x0),9.513657559,F(x0),,2250,9.513657559,"(2250,9.513657559)"
5/22/2018 21:50,traces/generated/5to10twothree/0108.trace,250,250,1,2,5,F(x0),10.88694276,F(x0),,2500,10.88694276,"(2500,10.88694276)"
5/22/2018 20:31,traces/generated/5to10twothree/0091.trace,25,2,1,2,10,F(x0),1.713749416,F(x0),,270,1.713749416,"(270,1.713749416)"
5/22/2018 19:45,traces/generated/5to10twothree/0093.trace,50,3,1,2,10,F(x0),3.34505938,F(x0),,530,3.34505938,"(530,3.34505938)"
5/22/2018 21:51,traces/generated/5to10twothree/0095.trace,75,6,1,2,10,F(x0),4.682830669,F(x0),,810,4.682830669,"(810,4.682830669)"
5/22/2018 21:05,traces/generated/5to10twothree/0097.trace,100,4,1,2,10,F(x0),5.871867351,F(x0),,1040,5.871867351,"(1040,5.871867351)"
5/22/2018 21:50,traces/generated/5to10twothree/0099.trace,125,7,1,2,10,F(x0),7.612197433,F(x0),,1320,7.612197433,"(1320,7.612197433)"
5/22/2018 20:43,traces/generated/5to10twothree/0101.trace,150,10,1,2,10,F(x0),9.044692107,F(x0),,1600,9.044692107,"(1600,9.044692107)"
5/22/2018 19:57,traces/generated/5to10twothree/0103.trace,175,7,1,2,10,F(x0),10.22610444,F(x0),,1820,10.22610444,"(1820,10.22610444)"
5/22/2018 22:22,traces/generated/5to10twothree/0105.trace,200,10,1,2,10,F(x0),11.84327214,F(x0),,2100,11.84327214,"(2100,11.84327214)"
5/22/2018 21:30,traces/generated/5to10twothree/0107.trace,225,8,1,2,10,F(x0),13.04756089,F(x0),,2330,13.04756089,"(2330,13.04756089)"
5/22/2018 22:01,traces/generated/5to10twothree/0109.trace,250,17,1,2,10,F(x0),14.77222341,F(x0),,2670,14.77222341,"(2670,14.77222341)"
5/22/2018 20:22,traces/generated/5to10OneThree/0044.trace,5,5,4,3,5,"G(->(x1,G(!(x0))))",7.988028742,"U(X(x2),!(x0))",,50,7.988028742,"(50,7.988028742)"
5/22/2018 19:16,traces/generated/5to10OneThree/0046.trace,25,25,4,3,5,"G(->(x1,G(!(x0))))",214.1891409,"!(F(&(x1,U(x1,x0))))",,250,214.1891409,"(250,214.1891409)"
5/22/2018 20:33,traces/generated/5to10OneThree/0048.trace,50,50,4,3,5,"G(->(x1,G(!(x0))))",/,/,timeout: 600,500,600,"(500,600)"
5/22/2018 19:20,traces/generated/5to10OneThree/0050.trace,75,75,4,3,5,"G(->(x1,G(!(x0))))",/,/,timeout: 600,750,600,"(750,600)"
5/22/2018 20:48,traces/generated/5to10OneThree/0052.trace,100,100,4,3,5,"G(->(x1,G(!(x0))))",/,/,timeout: 600,1000,600,"(1000,600)"
5/22/2018 22:54,traces/generated/5to10OneThree/0054.trace,125,125,4,3,5,"G(->(x1,G(!(x0))))",/,/,timeout: 600,1250,600,"(1250,600)"
5/23/2018 0:55,traces/generated/5to10OneThree/0056.trace,150,150,4,3,5,"G(->(x1,G(!(x0))))",/,/,timeout: 600,1500,600,"(1500,600)"
5/22/2018 22:39,traces/generated/5to10OneThree/0058.trace,175,175,4,3,5,"G(->(x1,G(!(x0))))",/,/,timeout: 600,1750,600,"(1750,600)"
5/23/2018 1:12,traces/generated/5to10OneThree/0060.trace,200,200,4,3,5,"G(->(x1,G(!(x0))))",/,/,timeout: 600,2000,600,"(2000,600)"
5/22/2018 23:10,traces/generated/5to10OneThree/0062.trace,225,225,4,3,5,"G(->(x1,G(!(x0))))",/,/,timeout: 600,2250,600,"(2250,600)"
5/22/2018 21:02,traces/generated/5to10OneThree/0064.trace,250,250,4,3,5,"G(->(x1,G(!(x0))))",/,/,timeout: 600,2500,600,"(2500,600)"
5/22/2018 21:01,traces/generated/5to10OneThree/0045.trace,2,5,4,3,10,"G(->(x1,G(!(x0))))",14.60205197,"&(x0,!(X(x1)))",,70,14.60205197,"(70,14.60205197)"
5/22/2018 19:45,traces/generated/5to10OneThree/0047.trace,9,25,4,3,10,"G(->(x1,G(!(x0))))",277.9028979,"!(U(F(X(x0)),x1))",,340,277.9028979,"(340,277.9028979)"
5/22/2018 21:22,traces/generated/5to10OneThree/0049.trace,12,50,4,3,10,"G(->(x1,G(!(x0))))",/,/,timeout: 600,620,600,"(620,600)"
5/22/2018 19:52,traces/generated/5to10OneThree/0051.trace,10,75,4,3,10,"G(->(x1,G(!(x0))))",/,/,timeout: 600,850,600,"(850,600)"
5/22/2018 21:46,traces/generated/5to10OneThree/0053.trace,16,100,4,3,10,"G(->(x1,G(!(x0))))",/,/,timeout: 600,1160,600,"(1160,600)"
5/22/2018 23:58,traces/generated/5to10OneThree/0055.trace,23,125,4,3,10,"G(->(x1,G(!(x0))))",/,/,timeout: 600,1480,600,"(1480,600)"
5/23/2018 1:54,traces/generated/5to10OneThree/0057.trace,23,150,4,3,10,"G(->(x1,G(!(x0))))",/,/,timeout: 600,1730,600,"(1730,600)"
5/22/2018 23:38,traces/generated/5to10OneThree/0059.trace,39,175,4,3,10,"G(->(x1,G(!(x0))))",/,/,timeout: 600,2140,600,"(2140,600)"
5/23/2018 0:28,traces/generated/5to10OneThree/0061.trace,42,200,4,3,10,"G(->(x1,G(!(x0))))",/,/,timeout: 600,2420,600,"(2420,600)"
5/22/2018 22:08,traces/generated/5to10OneThree/0063.trace,56,225,4,3,10,"G(->(x1,G(!(x0))))",/,/,timeout: 600,2810,600,"(2810,600)"
5/22/2018 20:23,traces/generated/5to10OneThree/0065.trace,46,250,4,3,10,"G(->(x1,G(!(x0))))",/,/,timeout: 600,2960,600,"(2960,600)"
5/22/2018 19:32,traces/generated/5to10threethree/0176.trace,5,5,3,3,5,"G(->(x1,G(x0)))",1.197161217,"&(X(x0),x0)",,50,1.197161217,"(50,1.19716121698729)"
5/22/2018 19:51,traces/generated/5to10threethree/0178.trace,25,25,3,3,5,"G(->(x1,G(x0)))",40.235374667,"G(->(x1,G(x0)))",,250,40.235374667,"(250,40.2353746669832)"
5/22/2018 21:58,traces/generated/5to10threethree/0180.trace,50,50,3,3,5,"G(->(x1,G(x0)))",70.797323189,"G(->(x1,G(x0)))",,500,70.797323189,"(500,70.7973231889773)"
5/22/2018 21:21,traces/generated/5to10threethree/0182.trace,75,75,3,3,5,"G(->(x1,G(x0)))",109.256657033,"G(->(x1,G(x0)))",,750,109.256657033,"(750,109.256657032994)"
5/22/2018 20:21,traces/generated/5to10threethree/0184.trace,100,100,3,3,5,"G(->(x1,G(x0)))",180.1059616469,"G(->(x1,G(x0)))",,1000,180.1059616469,"(1000,180.105961646884)"
5/22/2018 19:36,traces/generated/5to10threethree/0186.trace,125,125,3,3,5,"G(->(x1,G(x0)))",281.078060963,"G(->(x1,G(x0)))",,1250,281.078060963,"(1250,281.078060962958)"
5/22/2018 20:25,traces/generated/5to10threethree/0188.trace,150,150,3,3,5,"G(->(x1,G(x0)))",365.937690268,"G(->(x1,G(x0)))",,1500,365.937690268,"(1500,365.937690268037)"
5/22/2018 19:32,traces/generated/5to10threethree/0190.trace,175,175,3,3,5,"G(->(x1,G(x0)))",251.318998314,"G(->(x1,G(x0)))",,1750,251.318998314,"(1750,251.318998313974)"
5/22/2018 20:14,traces/generated/5to10threethree/0192.trace,200,200,3,3,5,"G(->(x1,G(x0)))",437.0607983351,"G(->(x1,G(x0)))",,2000,437.0607983351,"(2000,437.060798335121)"
5/22/2018 21:03,traces/generated/5to10threethree/0194.trace,225,225,3,3,5,"G(->(x1,G(x0)))",476.792682983,"G(->(x1,G(x0)))",,2250,476.792682983,"(2250,476.792682982981)"
5/22/2018 21:47,traces/generated/5to10threethree/0196.trace,250,250,3,3,5,"G(->(x1,G(x0)))",530.74188208,"G(->(x1,G(x0)))",,2500,530.74188208,"(2500,530.741882079979)"
5/22/2018 19:41,traces/generated/5to10threethree/0177.trace,3,5,3,3,10,"G(->(x1,G(x0)))",6.8270347151,"!(U(x0,x1))",,80,6.8270347151,"(80,6.82703471509739)"
5/22/2018 20:24,traces/generated/5to10threethree/0179.trace,6,25,3,3,10,"G(->(x1,G(x0)))",88.087967444,"G(->(x1,G(x0)))",,310,88.087967444,"(310,88.0879674439784)"
5/22/2018 21:43,traces/generated/5to10threethree/0181.trace,13,50,3,3,10,"G(->(x1,G(x0)))",173.5985244701,"G(->(x1,G(x0)))",,630,173.5985244701,"(630,173.598524470115)"
5/22/2018 20:56,traces/generated/5to10threethree/0183.trace,19,75,3,3,10,"G(->(x1,G(x0)))",267.343608524,"G(->(x1,G(x0)))",,940,267.343608524,"(940,267.343608523951)"
5/22/2018 19:52,traces/generated/5to10threethree/0185.trace,20,100,3,3,10,"G(->(x1,G(x0)))",257.423457985,"G(->(x1,G(x0)))",,1200,257.423457985,"(1200,257.423457985045)"
5/22/2018 19:27,traces/generated/5to10threethree/0187.trace,20,125,3,3,10,"G(->(x1,G(x0)))",341.52293977,"G(->(x1,G(x0)))",,1450,341.52293977,"(1450,341.522939770016)"
5/22/2018 20:04,traces/generated/5to10threethree/0189.trace,24,150,3,3,10,"G(->(x1,G(x0)))",/,/,,1740,600,"(1740,600)"
5/22/2018 19:17,traces/generated/5to10threethree/0191.trace,37,175,3,3,10,"G(->(x1,G(x0)))",/,/,,2120,600,"(2120,600)"
5/22/2018 19:41,traces/generated/5to10threethree/0193.trace,39,200,3,3,10,"G(->(x1,G(x0)))",/,/,,2390,600,"(2390,600)"
5/22/2018 20:34,traces/generated/5to10threethree/0195.trace,44,225,3,3,10,"G(->(x1,G(x0)))",/,/,,2690,600,"(2690,600)"
5/22/2018 21:27,traces/generated/5to10threethree/0197.trace,51,250,3,3,10,"G(->(x1,G(x0)))",/,/,,3010,600,"(3010,600)"
5/22/2018 22:08,traces/generated/5to10OneThree/0000.trace,5,5,2,2,5,G(!(x0)),0.925661935,G(!(x0)),,50,0.925661935,"(50,0.925661935)"
5/23/2018 0:18,traces/generated/5to10OneThree/0002.trace,25,25,2,2,5,G(!(x0)),4.723850485,!(F(x0)),,250,4.723850485,"(250,4.723850485)"
5/22/2018 19:20,traces/generated/5to10OneThree/0004.trace,50,50,2,2,5,G(!(x0)),9.049416033,G(!(x0)),,500,9.049416033,"(500,9.049416033)"
5/22/2018 20:33,traces/generated/5to10OneThree/0006.trace,75,75,2,2,5,G(!(x0)),13.88217218,G(!(x0)),,750,13.88217218,"(750,13.88217218)"
5/22/2018 19:13,traces/generated/5to10OneThree/0008.trace,100,100,2,2,5,G(!(x0)),18.06723694,G(!(x0)),,1000,18.06723694,"(1000,18.06723694)"
5/22/2018 21:01,traces/generated/5to10OneThree/0010.trace,125,125,2,2,5,G(!(x0)),23.01772135,G(!(x0)),,1250,23.01772135,"(1250,23.01772135)"
5/22/2018 19:32,traces/generated/5to10OneThree/0012.trace,150,150,2,2,5,G(!(x0)),27.58845193,!(F(x0)),,1500,27.58845193,"(1500,27.58845193)"
5/23/2018 0:42,traces/generated/5to10OneThree/0014.trace,175,175,2,2,5,G(!(x0)),32.01091172,!(F(x0)),,1750,32.01091172,"(1750,32.01091172)"
5/22/2018 22:28,traces/generated/5to10OneThree/0016.trace,200,200,2,2,5,G(!(x0)),37.4091498,!(F(x0)),,2000,37.4091498,"(2000,37.4091498)"
5/23/2018 0:49,traces/generated/5to10OneThree/0018.trace,225,225,2,2,5,G(!(x0)),41.74354436,G(!(x0)),,2250,41.74354436,"(2250,41.74354436)"
5/22/2018 23:09,traces/generated/5to10OneThree/0020.trace,250,250,2,2,5,G(!(x0)),45.70417055,G(!(x0)),,2500,45.70417055,"(2500,45.70417055)"
5/23/2018 1:05,traces/generated/5to10OneThree/0003.trace,1,25,2,2,10,G(!(x0)),7.067362176,!(F(x0)),,260,7.067362176,"(260,7.067362176)"
5/22/2018 19:51,traces/generated/5to10OneThree/0005.trace,2,50,2,2,10,G(!(x0)),13.52912098,G(!(x0)),,520,13.52912098,"(520,13.52912098)"
5/22/2018 21:12,traces/generated/5to10OneThree/0007.trace,7,75,2,2,10,G(!(x0)),21.30148176,G(!(x0)),,820,21.30148176,"(820,21.30148176)"
5/22/2018 19:36,traces/generated/5to10OneThree/0009.trace,5,100,2,2,10,G(!(x0)),27.59454412,G(!(x0)),,1050,27.59454412,"(1050,27.59454412)"
5/22/2018 22:06,traces/generated/5to10OneThree/0011.trace,8,125,2,2,10,G(!(x0)),34.68539774,G(!(x0)),,1330,34.68539774,"(1330,34.68539774)"
5/22/2018 20:12,traces/generated/5to10OneThree/0013.trace,4,150,2,2,10,G(!(x0)),40.18596201,G(!(x0)),,1540,40.18596201,"(1540,40.18596201)"
5/23/2018 1:32,traces/generated/5to10OneThree/0015.trace,10,175,2,2,10,G(!(x0)),48.15656359,G(!(x0)),,1850,48.15656359,"(1850,48.15656359)"
5/22/2018 23:27,traces/generated/5to10OneThree/0017.trace,8,200,2,2,10,G(!(x0)),54.74402815,G(!(x0)),,2080,54.74402815,"(2080,54.74402815)"
5/23/2018 1:43,traces/generated/5to10OneThree/0019.trace,14,225,2,2,10,G(!(x0)),62.97098414,!(F(x0)),,2390,62.97098414,"(2390,62.97098414)"
5/22/2018 22:07,traces/generated/5to10OneThree/0021.trace,14,250,2,2,10,G(!(x0)),69.31923643,G(!(x0)),,2640,69.31923643,"(2640,69.31923643)"
5/22/2018 21:05,traces/generated/5to10twothree/0110.trace,4,5,6,4,5,"G(&(x0,->(!(x1),U(!(x1),&(x2,!(x1))))))",0.345468868,G(x0),,45,0.345468868,"(45,0.345468868)"
5/22/2018 21:50,traces/generated/5to10twothree/0112.trace,14,25,6,4,5,"G(&(x0,->(!(x1),U(!(x1),&(x2,!(x1))))))",1.167241354,G(x0),,195,1.167241354,"(195,1.167241354)"
5/22/2018 19:15,traces/generated/5to10twothree/0114.trace,37,50,6,4,5,"G(&(x0,->(!(x1),U(!(x1),&(x2,!(x1))))))",/,/,timeout: 600,435,600,"(435,600)"
5/22/2018 20:09,traces/generated/5to10twothree/0116.trace,57,75,6,4,5,"G(&(x0,->(!(x1),U(!(x1),&(x2,!(x1))))))",/,/,timeout: 600,660,600,"(660,600)"
5/22/2018 19:35,traces/generated/5to10twothree/0118.trace,63,100,6,4,5,"G(&(x0,->(!(x1),U(!(x1),&(x2,!(x1))))))",/,/,timeout: 600,815,600,"(815,600)"
5/22/2018 20:43,traces/generated/5to10twothree/0120.trace,69,125,6,4,5,"G(&(x0,->(!(x1),U(!(x1),&(x2,!(x1))))))",5.061750855,G(x0),,970,5.061750855,"(970,5.061750855)"
5/22/2018 19:57,traces/generated/5to10twothree/0122.trace,108,150,6,4,5,"G(&(x0,->(!(x1),U(!(x1),&(x2,!(x1))))))",/,/,timeout: 600,1290,600,"(1290,600)"
5/22/2018 22:12,traces/generated/5to10twothree/0124.trace,104,175,6,4,5,"G(&(x0,->(!(x1),U(!(x1),&(x2,!(x1))))))",/,/,timeout: 600,1395,600,"(1395,600)"
5/22/2018 21:30,traces/generated/5to10twothree/0126.trace,137,200,6,4,5,"G(&(x0,->(!(x1),U(!(x1),&(x2,!(x1))))))",/,/,timeout: 600,1685,600,"(1685,600)"
5/22/2018 22:01,traces/generated/5to10twothree/0128.trace,163,225,6,4,5,"G(&(x0,->(!(x1),U(!(x1),&(x2,!(x1))))))",/,/,timeout: 600,1940,600,"(1940,600)"
5/22/2018 21:06,traces/generated/5to10twothree/0130.trace,173,250,6,4,5,"G(&(x0,->(!(x1),U(!(x1),&(x2,!(x1))))))",/,/,timeout: 600,2115,600,"(2115,600)"
5/22/2018 20:42,traces/generated/5to10twothree/0117.trace,1,75,6,4,10,"G(&(x0,->(!(x1),U(!(x1),&(x2,!(x1))))))",67.67177117,"&(x1,G(x0))",,760,67.67177117,"(760,67.67177117)"
5/22/2018 19:56,traces/generated/5to10twothree/0119.trace,1,100,6,4,10,"G(&(x0,->(!(x1),U(!(x1),&(x2,!(x1))))))",6.49187164,G(x0),,1010,6.49187164,"(1010,6.49187164)"
5/22/2018 20:30,traces/generated/5to10twothree/0121.trace,2,125,6,4,10,"G(&(x0,->(!(x1),U(!(x1),&(x2,!(x1))))))",7.724078365,G(x0),,1270,7.724078365,"(1270,7.724078365)"
5/22/2018 21:50,traces/generated/5to10twothree/0125.trace,1,175,6,4,10,"G(&(x0,->(!(x1),U(!(x1),&(x2,!(x1))))))",10.60221089,G(x0),,1760,10.60221089,"(1760,10.60221089)"
5/22/2018 21:05,traces/generated/5to10twothree/0127.trace,2,200,6,4,10,"G(&(x0,->(!(x1),U(!(x1),&(x2,!(x1))))))",12.35647304,G(x0),,2020,12.35647304,"(2020,12.35647304)"
5/22/2018 21:50,traces/generated/5to10twothree/0129.trace,1,225,6,4,10,"G(&(x0,->(!(x1),U(!(x1),&(x2,!(x1))))))",13.6644979,G(x0),,2260,13.6644979,"(2260,13.6644979)"
5/22/2018 20:46,traces/generated/5to10twothree/0131.trace,3,250,6,4,10,"G(&(x0,->(!(x1),U(!(x1),&(x2,!(x1))))))",/,/,timeout: 600,2530,600,"(2530,600)"
5/22/2018 22:01,traces/generated/5to10twothree/0132.trace,5,5,1,2,5,G(x0),0.328761023,G(x0),,50,0.328761023,"(50,0.328761023)"
5/22/2018 19:46,traces/generated/5to10twothree/0134.trace,25,25,1,2,5,G(x0),1.315912111,G(x0),,250,1.315912111,"(250,1.315912111)"
5/22/2018 20:43,traces/generated/5to10twothree/0136.trace,50,50,1,2,5,G(x0),2.44494785,G(x0),,500,2.44494785,"(500,2.44494785)"
5/22/2018 19:56,traces/generated/5to10twothree/0138.trace,75,75,1,2,5,G(x0),3.354947198,G(x0),,750,3.354947198,"(750,3.354947198)"
5/22/2018 19:46,traces/generated/5to10twothree/0140.trace,100,100,1,2,5,G(x0),4.652313683,G(x0),,1000,4.652313683,"(1000,4.652313683)"
5/22/2018 20:32,traces/generated/5to10twothree/0142.trace,125,125,1,2,5,G(x0),5.705522854,G(x0),,1250,5.705522854,"(1250,5.705522854)"
5/22/2018 21:05,traces/generated/5to10twothree/0144.trace,150,150,1,2,5,G(x0),6.476046223,G(x0),,1500,6.476046223,"(1500,6.476046223)"
5/22/2018 21:50,traces/generated/5to10twothree/0146.trace,175,175,1,2,5,G(x0),7.559952196,G(x0),,1750,7.559952196,"(1750,7.559952196)"
5/22/2018 21:05,traces/generated/5to10twothree/0148.trace,200,200,1,2,5,G(x0),8.798679754,G(x0),,2000,8.798679754,"(2000,8.798679754)"
5/22/2018 21:40,traces/generated/5to10twothree/0150.trace,225,225,1,2,5,G(x0),9.451653589,G(x0),,2250,9.451653589,"(2250,9.451653589)"
5/22/2018 20:46,traces/generated/5to10twothree/0152.trace,250,250,1,2,5,G(x0),10.69715627,G(x0),,2500,10.69715627,"(2500,10.69715627)"
5/22/2018 19:15,traces/generated/5to10twothree/0135.trace,2,25,1,2,10,G(x0),1.744313037,G(x0),,270,1.744313037,"(270,1.744313037)"
5/22/2018 20:30,traces/generated/5to10twothree/0137.trace,2,50,1,2,10,G(x0),3.068281207,G(x0),,520,3.068281207,"(520,3.068281207)"
5/22/2018 19:45,traces/generated/5to10twothree/0139.trace,3,75,1,2,10,G(x0),4.982700368,G(x0),,780,4.982700368,"(780,4.982700368)"
5/22/2018 20:07,traces/generated/5to10twothree/0141.trace,7,100,1,2,10,G(x0),6.292305369,G(x0),,1070,6.292305369,"(1070,6.292305369)"
5/22/2018 20:46,traces/generated/5to10twothree/0143.trace,5,125,1,2,10,G(x0),7.206588879,G(x0),,1300,7.206588879,"(1300,7.206588879)"
5/22/2018 21:26,traces/generated/5to10twothree/0145.trace,4,150,1,2,10,G(x0),9.083204679,G(x0),,1540,9.083204679,"(1540,9.083204679)"
5/22/2018 22:11,traces/generated/5to10twothree/0147.trace,12,175,1,2,10,G(x0),10.68310165,G(x0),,1870,10.68310165,"(1870,10.68310165)"
5/22/2018 21:30,traces/generated/5to10twothree/0149.trace,11,200,1,2,10,G(x0),11.81597448,G(x0),,2110,11.81597448,"(2110,11.81597448)"
5/22/2018 21:51,traces/generated/5to10twothree/0151.trace,13,225,1,2,10,G(x0),12.95420331,G(x0),,2380,12.95420331,"(2380,12.95420331)"
5/22/2018 21:05,traces/generated/5to10twothree/0153.trace,11,250,1,2,10,G(x0),14.63629825,G(x0),,2610,14.63629825,"(2610,14.63629825)"
