time of writing,name of the test file,number of accepting traces,number or rejecting traces,depth of formula,number of variables,max length of traces,specified formula,dt solving time,dt num primitive candidates,dt num primitives used,dt subset sizes,dt tree txt representation
2018-05-23 15:25,traces/generated/5to10Traces/0150.trace,225,225,1,2,5,G(x0),0.7447169661,1,1,10,experiments/dtSubset10Strategy2/0150_tree.txt
2018-05-23 15:25,traces/generated/5to10Traces/0053.trace,16,100,4,3,10,"G(->(x1,G(!(x0))))",/,/,/,10,experiments/dtSubset10Strategy2/0053_tree.txt
2018-05-23 15:35,traces/generated/5to10Traces/0171.trace,200,200,2,3,10,"->(F(x1),U(x0,x1))",6.019691268,1,1,10,experiments/dtSubset10Strategy2/0171_tree.txt
2018-05-23 15:35,traces/generated/5to10Traces/0072.trace,75,75,4,3,5,"|(G(!(x0)),F(&(x0,F(x1))))",/,/,/,10,experiments/dtSubset10Strategy2/0072_tree.txt
2018-05-23 15:45,traces/generated/5to10Traces/0011.trace,8,125,2,2,10,G(!(x0)),5.576310358,1,1,10,experiments/dtSubset10Strategy2/0011_tree.txt
2018-05-23 15:46,traces/generated/5to10Traces/0083.trace,200,34,4,3,10,"|(G(!(x0)),F(&(x0,F(x1))))",126.651114227,2,1,10,experiments/dtSubset10Strategy2/0083_tree.txt
2018-05-23 15:48,traces/generated/5to10Traces/0180.trace,50,50,3,3,5,"G(->(x1,G(x0)))",18.464205662,1,1,10,experiments/dtSubset10Strategy2/0180_tree.txt
2018-05-23 15:48,traces/generated/5to10Traces/0112.trace,14,25,6,4,5,"G(&(x0,->(!(x1),U(!(x1),&(x2,!(x1))))))",0.4752571639,1,1,10,experiments/dtSubset10Strategy2/0112_tree.txt
2018-05-23 15:48,traces/generated/5to10Traces/0030.trace,100,100,3,3,5,"->(F(x1),U(!(x0),x1))",86.1030436971,2,1,10,experiments/dtSubset10Strategy2/0030_tree.txt
2018-05-23 15:49,traces/generated/5to10Traces/0167.trace,150,150,2,3,10,"->(F(x1),U(x0,x1))",10.5738875081,2,1,10,experiments/dtSubset10Strategy2/0167_tree.txt
2018-05-23 15:50,traces/generated/5to10Traces/0108.trace,250,250,1,2,5,F(x0),0.668159022,1,1,10,experiments/dtSubset10Strategy2/0108_tree.txt
2018-05-23 15:50,traces/generated/5to10Traces/0064.trace,250,250,4,3,5,"G(->(x1,G(!(x0))))",193.5704720949,2,1,10,experiments/dtSubset10Strategy2/0064_tree.txt
2018-05-23 15:53,traces/generated/5to10Traces/0099.trace,125,7,1,2,10,F(x0),1.2961582341,1,1,10,experiments/dtSubset10Strategy2/0099_tree.txt
2018-05-23 15:53,traces/generated/5to10Traces/0129.trace,1,225,6,4,10,"G(&(x0,->(!(x1),U(!(x1),&(x2,!(x1))))))",1.3269101931,1,1,10,experiments/dtSubset10Strategy2/0129_tree.txt
2018-05-23 15:53,traces/generated/5to10Traces/0146.trace,175,175,1,2,5,G(x0),0.5740569341,1,1,10,experiments/dtSubset10Strategy2/0146_tree.txt
2018-05-23 15:53,traces/generated/5to10Traces/0045.trace,2,5,4,3,10,"G(->(x1,G(!(x0))))",45.6539715461,1,1,10,experiments/dtSubset10Strategy2/0045_tree.txt
2018-05-23 15:54,traces/generated/5to10Traces/0049.trace,12,50,4,3,10,"G(->(x1,G(!(x0))))",/,/,/,10,experiments/dtSubset10Strategy2/0049_tree.txt
2018-05-23 16:04,traces/generated/5to10Traces/0026.trace,50,50,3,3,5,"->(F(x1),U(!(x0),x1))",87.539208713,3,2,10,experiments/dtSubset10Strategy2/0026_tree.txt
2018-05-23 16:05,traces/generated/5to10Traces/0125.trace,1,175,6,4,10,"G(&(x0,->(!(x1),U(!(x1),&(x2,!(x1))))))",1.3389250401,1,1,10,experiments/dtSubset10Strategy2/0125_tree.txt
2018-05-23 16:05,traces/generated/5to10Traces/0007.trace,7,75,2,2,10,G(!(x0)),5.8832294731,1,1,10,experiments/dtSubset10Strategy2/0007_tree.txt
2018-05-23 16:05,traces/generated/5to10Traces/0068.trace,25,25,4,3,5,"|(G(!(x0)),F(&(x0,F(x1))))",28.8077223841,2,2,10,experiments/dtSubset10Strategy2/0068_tree.txt
2018-05-23 16:06,traces/generated/5to10Traces/0095.trace,75,6,1,2,10,F(x0),1.1044539909,1,1,10,experiments/dtSubset10Strategy2/0095_tree.txt
2018-05-23 16:06,traces/generated/5to10Traces/0196.trace,250,250,3,3,5,"G(->(x1,G(x0)))",37.281137865,2,1,10,experiments/dtSubset10Strategy2/0196_tree.txt
2018-05-23 16:06,traces/generated/5to10Traces/0104.trace,200,200,1,2,5,F(x0),0.768460334,1,1,10,experiments/dtSubset10Strategy2/0104_tree.txt
2018-05-23 16:06,traces/generated/5to10Traces/0052.trace,100,100,4,3,5,"G(->(x1,G(!(x0))))",80.8556569358,1,1,10,experiments/dtSubset10Strategy2/0052_tree.txt
2018-05-23 16:08,traces/generated/5to10Traces/0151.trace,13,225,1,2,10,G(x0),1.29331866,1,1,10,experiments/dtSubset10Strategy2/0151_tree.txt
2018-05-23 16:08,traces/generated/5to10Traces/0073.trace,75,13,4,3,10,"|(G(!(x0)),F(&(x0,F(x1))))",110.0466778609,2,1,10,experiments/dtSubset10Strategy2/0073_tree.txt
2018-05-23 16:10,traces/generated/5to10Traces/0170.trace,200,200,2,3,5,"->(F(x1),U(x0,x1))",14.948525938,1,1,10,experiments/dtSubset10Strategy2/0170_tree.txt
2018-05-23 16:10,traces/generated/5to10Traces/0181.trace,13,50,3,3,10,"G(->(x1,G(x0)))",118.8310006252,2,2,10,experiments/dtSubset10Strategy2/0181_tree.txt
2018-05-23 16:12,traces/generated/5to10Traces/0010.trace,125,125,2,2,5,G(!(x0)),2.152553437,1,1,10,experiments/dtSubset10Strategy2/0010_tree.txt
2018-05-23 16:12,traces/generated/5to10Traces/0082.trace,200,200,4,3,5,"|(G(!(x0)),F(&(x0,F(x1))))",146.1951899789,2,2,10,experiments/dtSubset10Strategy2/0082_tree.txt
2018-05-23 16:14,traces/generated/5to10Traces/0132.trace,5,5,1,2,5,G(x0),0.566413343,1,1,10,experiments/dtSubset10Strategy2/0132_tree.txt
2018-05-23 16:14,traces/generated/5to10Traces/0031.trace,100,100,3,3,10,"->(F(x1),U(!(x0),x1))",16.630942357,1,1,10,experiments/dtSubset10Strategy2/0031_tree.txt
2018-05-23 16:15,traces/generated/5to10Traces/0098.trace,125,125,1,2,5,F(x0),0.5175305379,1,1,10,experiments/dtSubset10Strategy2/0098_tree.txt
2018-05-23 16:15,traces/generated/5to10Traces/0065.trace,46,250,4,3,10,"G(->(x1,G(!(x0))))",/,/,/,10,experiments/dtSubset10Strategy2/0065_tree.txt
2018-05-23 16:25,traces/generated/5to10Traces/0166.trace,150,150,2,3,5,"->(F(x1),U(x0,x1))",53.2007441481,3,1,10,experiments/dtSubset10Strategy2/0166_tree.txt
2018-05-23 16:25,traces/generated/5to10Traces/0109.trace,250,17,1,2,10,F(x0),1.1718983268,1,1,10,experiments/dtSubset10Strategy2/0109_tree.txt
2018-05-23 16:26,traces/generated/5to10Traces/0044.trace,5,5,4,3,5,"G(->(x1,G(!(x0))))",16.7233599951,1,1,10,experiments/dtSubset10Strategy2/0044_tree.txt
2018-05-23 16:26,traces/generated/5to10Traces/0128.trace,163,225,6,4,5,"G(&(x0,->(!(x1),U(!(x1),&(x2,!(x1))))))",/,/,/,10,experiments/dtSubset10Strategy2/0128_tree.txt
2018-05-23 16:36,traces/generated/5to10Traces/0147.trace,12,175,1,2,10,G(x0),1.3091806108,1,1,10,experiments/dtSubset10Strategy2/0147_tree.txt
2018-05-23 16:36,traces/generated/5to10Traces/0124.trace,104,175,6,4,5,"G(&(x0,->(!(x1),U(!(x1),&(x2,!(x1))))))",/,/,/,10,experiments/dtSubset10Strategy2/0124_tree.txt
2018-05-23 16:46,traces/generated/5to10Traces/0048.trace,50,50,4,3,5,"G(->(x1,G(!(x0))))",46.3660501719,1,1,10,experiments/dtSubset10Strategy2/0048_tree.txt
2018-05-23 16:47,traces/generated/5to10Traces/0027.trace,50,50,3,3,10,"->(F(x1),U(!(x0),x1))",16.5172612481,1,1,10,experiments/dtSubset10Strategy2/0027_tree.txt
2018-05-23 16:47,traces/generated/5to10Traces/0197.trace,51,250,3,3,10,"G(->(x1,G(x0)))",109.566342314,2,1,10,experiments/dtSubset10Strategy2/0197_tree.txt
2018-05-23 16:49,traces/generated/5to10Traces/0105.trace,200,10,1,2,10,F(x0),1.072336491,1,1,10,experiments/dtSubset10Strategy2/0105_tree.txt
2018-05-23 16:49,traces/generated/5to10Traces/0006.trace,75,75,2,2,5,G(!(x0)),1.937668727,1,1,10,experiments/dtSubset10Strategy2/0006_tree.txt
2018-05-23 16:49,traces/generated/5to10Traces/0094.trace,75,75,1,2,5,F(x0),0.5321016409,1,1,10,experiments/dtSubset10Strategy2/0094_tree.txt
2018-05-23 16:49,traces/generated/5to10Traces/0069.trace,25,2,4,3,10,"|(G(!(x0)),F(&(x0,F(x1))))",1.1657487052,1,1,10,experiments/dtSubset10Strategy2/0069_tree.txt
2018-05-23 16:49,traces/generated/5to10Traces/0173.trace,225,225,2,3,10,"->(F(x1),U(x0,x1))",95.1831715521,2,1,10,experiments/dtSubset10Strategy2/0173_tree.txt
2018-05-23 16:50,traces/generated/5to10Traces/0070.trace,50,50,4,3,5,"|(G(!(x0)),F(&(x0,F(x1))))",/,/,/,10,experiments/dtSubset10Strategy2/0070_tree.txt
2018-05-23 17:00,traces/generated/5to10Traces/0152.trace,250,250,1,2,5,G(x0),0.8044969349,1,1,10,experiments/dtSubset10Strategy2/0152_tree.txt
2018-05-23 17:00,traces/generated/5to10Traces/0051.trace,10,75,4,3,10,"G(->(x1,G(!(x0))))",500.504825105,2,1,10,experiments/dtSubset10Strategy2/0051_tree.txt
2018-05-23 17:09,traces/generated/5to10Traces/0032.trace,125,125,3,3,5,"->(F(x1),U(!(x0),x1))",56.4587696509,1,1,10,experiments/dtSubset10Strategy2/0032_tree.txt
2018-05-23 17:10,traces/generated/5to10Traces/0131.trace,3,250,6,4,10,"G(&(x0,->(!(x1),U(!(x1),&(x2,!(x1))))))",386.2703048319,2,2,10,experiments/dtSubset10Strategy2/0131_tree.txt
2018-05-23 17:16,traces/generated/5to10Traces/0081.trace,175,30,4,3,10,"|(G(!(x0)),F(&(x0,F(x1))))",100.2926035619,2,1,10,experiments/dtSubset10Strategy2/0081_tree.txt
2018-05-23 17:18,traces/generated/5to10Traces/0013.trace,4,150,2,2,10,G(!(x0)),5.194405796,1,1,10,experiments/dtSubset10Strategy2/0013_tree.txt
2018-05-23 17:18,traces/generated/5to10Traces/0110.trace,4,5,6,4,5,"G(&(x0,->(!(x1),U(!(x1),&(x2,!(x1))))))",0.636460969,1,1,10,experiments/dtSubset10Strategy2/0110_tree.txt
2018-05-23 17:18,traces/generated/5to10Traces/0182.trace,75,75,3,3,5,"G(->(x1,G(x0)))",16.098602622,1,1,10,experiments/dtSubset10Strategy2/0182_tree.txt
2018-05-23 17:18,traces/generated/5to10Traces/0144.trace,150,150,1,2,5,G(x0),0.5496213511,1,1,10,experiments/dtSubset10Strategy2/0144_tree.txt
2018-05-23 17:18,traces/generated/5to10Traces/0028.trace,75,75,3,3,5,"->(F(x1),U(!(x0),x1))",57.0114896109,1,1,10,experiments/dtSubset10Strategy2/0028_tree.txt
2018-05-23 17:19,traces/generated/5to10Traces/0047.trace,9,25,4,3,10,"G(->(x1,G(!(x0))))",579.8494437172,2,1,10,experiments/dtSubset10Strategy2/0047_tree.txt
2018-05-23 17:29,traces/generated/5to10Traces/0165.trace,125,125,2,3,10,"->(F(x1),U(x0,x1))",5.457241745,1,1,10,experiments/dtSubset10Strategy2/0165_tree.txt
2018-05-23 17:29,traces/generated/5to10Traces/0066.trace,5,5,4,3,5,"|(G(!(x0)),F(&(x0,F(x1))))",0.4916975119,1,1,10,experiments/dtSubset10Strategy2/0066_tree.txt
2018-05-23 17:29,traces/generated/5to10Traces/0009.trace,5,100,2,2,10,G(!(x0)),5.3488905048,1,1,10,experiments/dtSubset10Strategy2/0009_tree.txt
2018-05-23 17:29,traces/generated/5to10Traces/0097.trace,100,4,1,2,10,F(x0),1.1169498072,1,1,10,experiments/dtSubset10Strategy2/0097_tree.txt
2018-05-23 17:29,traces/generated/5to10Traces/0005.trace,2,50,2,2,10,G(!(x0)),10.2683895219,2,1,10,experiments/dtSubset10Strategy2/0005_tree.txt
2018-05-23 17:29,traces/generated/5to10Traces/0106.trace,225,225,1,2,5,F(x0),0.6217389992,1,1,10,experiments/dtSubset10Strategy2/0106_tree.txt
2018-05-23 17:29,traces/generated/5to10Traces/0169.trace,175,175,2,3,10,"->(F(x1),U(x0,x1))",5.6996302761,1,1,10,experiments/dtSubset10Strategy2/0169_tree.txt
2018-05-23 17:29,traces/generated/5to10Traces/0194.trace,225,225,3,3,5,"G(->(x1,G(x0)))",15.4781963362,1,1,10,experiments/dtSubset10Strategy2/0194_tree.txt
2018-05-23 17:30,traces/generated/5to10Traces/0024.trace,25,25,3,3,5,"->(F(x1),U(!(x0),x1))",36.4113111792,1,1,10,experiments/dtSubset10Strategy2/0024_tree.txt
2018-05-23 17:30,traces/generated/5to10Traces/0148.trace,200,200,1,2,5,G(x0),0.6121366031,1,1,10,experiments/dtSubset10Strategy2/0148_tree.txt
2018-05-23 17:30,traces/generated/5to10Traces/0127.trace,2,200,6,4,10,"G(&(x0,->(!(x1),U(!(x1),&(x2,!(x1))))))",1.3610574019,1,1,10,experiments/dtSubset10Strategy2/0127_tree.txt
2018-05-23 17:30,traces/generated/5to10Traces/0071.trace,50,8,4,3,10,"|(G(!(x0)),F(&(x0,F(x1))))",89.8927278379,2,1,10,experiments/dtSubset10Strategy2/0071_tree.txt
2018-05-23 17:32,traces/generated/5to10Traces/0172.trace,225,225,2,3,5,"->(F(x1),U(x0,x1))",31.0584039381,2,1,10,experiments/dtSubset10Strategy2/0172_tree.txt
2018-05-23 17:32,traces/generated/5to10Traces/0050.trace,75,75,4,3,5,"G(->(x1,G(!(x0))))",52.3484147461,1,1,10,experiments/dtSubset10Strategy2/0050_tree.txt
2018-05-23 17:33,traces/generated/5to10Traces/0153.trace,11,250,1,2,10,G(x0),1.237646858,1,1,10,experiments/dtSubset10Strategy2/0153_tree.txt
2018-05-23 17:33,traces/generated/5to10Traces/0130.trace,173,250,6,4,5,"G(&(x0,->(!(x1),U(!(x1),&(x2,!(x1))))))",/,/,/,10,experiments/dtSubset10Strategy2/0130_tree.txt
2018-05-23 17:43,traces/generated/5to10Traces/0033.trace,125,125,3,3,10,"->(F(x1),U(!(x0),x1))",17.665766954,1,1,10,experiments/dtSubset10Strategy2/0033_tree.txt
2018-05-23 17:43,traces/generated/5to10Traces/0183.trace,19,75,3,3,10,"G(->(x1,G(x0)))",111.965768124,2,1,10,experiments/dtSubset10Strategy2/0183_tree.txt
2018-05-23 17:45,traces/generated/5to10Traces/0080.trace,175,175,4,3,5,"|(G(!(x0)),F(&(x0,F(x1))))",/,/,/,10,experiments/dtSubset10Strategy2/0080_tree.txt
2018-05-23 17:55,traces/generated/5to10Traces/0012.trace,150,150,2,2,5,G(!(x0)),2.1578992759,1,1,10,experiments/dtSubset10Strategy2/0012_tree.txt
2018-05-23 17:55,traces/generated/5to10Traces/0029.trace,75,75,3,3,10,"->(F(x1),U(!(x0),x1))",15.6243528021,1,1,10,experiments/dtSubset10Strategy2/0029_tree.txt
2018-05-23 17:56,traces/generated/5to10Traces/0046.trace,25,25,4,3,5,"G(->(x1,G(!(x0))))",98.9526703411,2,1,10,experiments/dtSubset10Strategy2/0046_tree.txt
2018-05-23 17:57,traces/generated/5to10Traces/0145.trace,4,150,1,2,10,G(x0),1.0321473849,1,1,10,experiments/dtSubset10Strategy2/0145_tree.txt
2018-05-23 17:57,traces/generated/5to10Traces/0008.trace,100,100,2,2,5,G(!(x0)),1.8963285221,1,1,10,experiments/dtSubset10Strategy2/0008_tree.txt
2018-05-23 17:57,traces/generated/5to10Traces/0164.trace,125,125,2,3,5,"->(F(x1),U(x0,x1))",14.7885215611,1,1,10,experiments/dtSubset10Strategy2/0164_tree.txt
2018-05-23 17:58,traces/generated/5to10Traces/0107.trace,225,8,1,2,10,F(x0),1.3972740818,1,1,10,experiments/dtSubset10Strategy2/0107_tree.txt
2018-05-23 17:58,traces/generated/5to10Traces/0195.trace,44,225,3,3,10,"G(->(x1,G(x0)))",101.692128347,2,1,10,experiments/dtSubset10Strategy2/0195_tree.txt
2018-05-23 17:59,traces/generated/5to10Traces/0168.trace,175,175,2,3,5,"->(F(x1),U(x0,x1))",33.5311478348,2,1,10,experiments/dtSubset10Strategy2/0168_tree.txt
2018-05-23 18:00,traces/generated/5to10Traces/0096.trace,100,100,1,2,5,F(x0),0.513580648,1,1,10,experiments/dtSubset10Strategy2/0096_tree.txt
2018-05-23 18:00,traces/generated/5to10Traces/0004.trace,50,50,2,2,5,G(!(x0)),1.8806580221,1,1,10,experiments/dtSubset10Strategy2/0004_tree.txt
2018-05-23 18:00,traces/generated/5to10Traces/0149.trace,11,200,1,2,10,G(x0),1.109110462,1,1,10,experiments/dtSubset10Strategy2/0149_tree.txt
2018-05-23 18:00,traces/generated/5to10Traces/0126.trace,137,200,6,4,5,"G(&(x0,->(!(x1),U(!(x1),&(x2,!(x1))))))",/,/,/,10,experiments/dtSubset10Strategy2/0126_tree.txt
2018-05-23 18:10,traces/generated/5to10Traces/0025.trace,25,25,3,3,10,"->(F(x1),U(!(x0),x1))",16.340441837,1,1,10,experiments/dtSubset10Strategy2/0025_tree.txt
2018-05-23 18:10,traces/generated/5to10Traces/0116.trace,57,75,6,4,5,"G(&(x0,->(!(x1),U(!(x1),&(x2,!(x1))))))",/,/,/,10,experiments/dtSubset10Strategy2/0116_tree.txt
2018-05-23 18:20,traces/generated/5to10Traces/0184.trace,100,100,3,3,5,"G(->(x1,G(x0)))",16.395515315,1,1,10,experiments/dtSubset10Strategy2/0184_tree.txt
2018-05-23 18:21,traces/generated/5to10Traces/0179.trace,6,25,3,3,10,"G(->(x1,G(x0)))",117.1828477581,2,1,10,experiments/dtSubset10Strategy2/0179_tree.txt
2018-05-23 18:22,traces/generated/5to10Traces/0087.trace,250,36,4,3,10,"|(G(!(x0)),F(&(x0,F(x1))))",112.7339616108,2,1,10,experiments/dtSubset10Strategy2/0087_tree.txt
2018-05-23 18:24,traces/generated/5to10Traces/0015.trace,10,175,2,2,10,G(!(x0)),5.1419557552,1,1,10,experiments/dtSubset10Strategy2/0015_tree.txt
2018-05-23 18:24,traces/generated/5to10Traces/0158.trace,50,50,2,3,5,"->(F(x1),U(x0,x1))",30.0150595638,2,1,10,experiments/dtSubset10Strategy2/0158_tree.txt
2018-05-23 18:25,traces/generated/5to10Traces/0137.trace,2,50,1,2,10,G(x0),1.031682028,1,1,10,experiments/dtSubset10Strategy2/0137_tree.txt
2018-05-23 18:25,traces/generated/5to10Traces/0034.trace,150,150,3,3,5,"->(F(x1),U(!(x0),x1))",100.018604002,2,1,10,experiments/dtSubset10Strategy2/0034_tree.txt
2018-05-23 18:27,traces/generated/5to10Traces/0038.trace,200,200,3,3,5,"->(F(x1),U(!(x0),x1))",86.7326987931,2,1,10,experiments/dtSubset10Strategy2/0038_tree.txt
2018-05-23 18:28,traces/generated/5to10Traces/0057.trace,23,150,4,3,10,"G(->(x1,G(!(x0))))",/,/,/,10,experiments/dtSubset10Strategy2/0057_tree.txt
2018-05-23 18:38,traces/generated/5to10Traces/0154.trace,5,5,2,3,5,"->(F(x1),U(x0,x1))",2.2035212449,1,1,10,experiments/dtSubset10Strategy2/0154_tree.txt
2018-05-23 18:38,traces/generated/5to10Traces/0076.trace,125,125,4,3,5,"|(G(!(x0)),F(&(x0,F(x1))))",224.291300039,4,4,10,experiments/dtSubset10Strategy2/0076_tree.txt
2018-05-23 18:42,traces/generated/5to10Traces/0019.trace,14,225,2,2,10,G(!(x0)),5.0261230781,1,1,10,experiments/dtSubset10Strategy2/0019_tree.txt
2018-05-23 18:42,traces/generated/5to10Traces/0188.trace,150,150,3,3,5,"G(->(x1,G(x0)))",18.1646236272,1,1,10,experiments/dtSubset10Strategy2/0188_tree.txt
2018-05-23 18:42,traces/generated/5to10Traces/0175.trace,250,250,2,3,10,"->(F(x1),U(x0,x1))",5.3189090919,1,1,10,experiments/dtSubset10Strategy2/0175_tree.txt
2018-05-23 18:42,traces/generated/5to10Traces/0121.trace,2,125,6,4,10,"G(&(x0,->(!(x1),U(!(x1),&(x2,!(x1))))))",1.202125547,1,1,10,experiments/dtSubset10Strategy2/0121_tree.txt
2018-05-23 18:42,traces/generated/5to10Traces/0022.trace,5,5,3,3,5,"->(F(x1),U(!(x0),x1))",2.051209524,1,1,10,experiments/dtSubset10Strategy2/0022_tree.txt
2018-05-23 18:42,traces/generated/5to10Traces/0100.trace,150,150,1,2,5,F(x0),0.537308062,1,1,10,experiments/dtSubset10Strategy2/0100_tree.txt
2018-05-23 18:42,traces/generated/5to10Traces/0192.trace,200,200,3,3,5,"G(->(x1,G(x0)))",15.2581102389,1,1,10,experiments/dtSubset10Strategy2/0192_tree.txt
2018-05-23 18:43,traces/generated/5to10Traces/0091.trace,25,2,1,2,10,F(x0),1.3839330489,1,1,10,experiments/dtSubset10Strategy2/0091_tree.txt
2018-05-23 18:43,traces/generated/5to10Traces/0003.trace,1,25,2,2,10,G(!(x0)),14.45556044,2,1,10,experiments/dtSubset10Strategy2/0003_tree.txt
2018-05-23 18:43,traces/generated/5to10Traces/0060.trace,200,200,4,3,5,"G(->(x1,G(!(x0))))",75.0650215819,1,1,10,experiments/dtSubset10Strategy2/0060_tree.txt
2018-05-23 18:44,traces/generated/5to10Traces/0163.trace,100,100,2,3,10,"->(F(x1),U(x0,x1))",5.694530352,1,1,10,experiments/dtSubset10Strategy2/0163_tree.txt
2018-05-23 18:44,traces/generated/5to10Traces/0041.trace,225,225,3,3,10,"->(F(x1),U(!(x0),x1))",17.4357844749,1,1,10,experiments/dtSubset10Strategy2/0041_tree.txt
2018-05-23 18:45,traces/generated/5to10Traces/0142.trace,125,125,1,2,5,G(x0),0.5404243502,1,1,10,experiments/dtSubset10Strategy2/0142_tree.txt
2018-05-23 18:45,traces/generated/5to10Traces/0086.trace,250,250,4,3,5,"|(G(!(x0)),F(&(x0,F(x1))))",/,/,/,10,experiments/dtSubset10Strategy2/0086_tree.txt
2018-05-23 18:55,traces/generated/5to10Traces/0014.trace,175,175,2,2,5,G(!(x0)),2.1787071142,1,1,10,experiments/dtSubset10Strategy2/0014_tree.txt
2018-05-23 18:55,traces/generated/5to10Traces/0117.trace,1,75,6,4,10,"G(&(x0,->(!(x1),U(!(x1),&(x2,!(x1))))))",38.6014072471,2,2,10,experiments/dtSubset10Strategy2/0117_tree.txt
2018-05-23 18:55,traces/generated/5to10Traces/0178.trace,25,25,3,3,5,"G(->(x1,G(x0)))",48.5740074429,2,1,10,experiments/dtSubset10Strategy2/0178_tree.txt
2018-05-23 18:56,traces/generated/5to10Traces/0185.trace,20,100,3,3,10,"G(->(x1,G(x0)))",101.494950356,2,2,10,experiments/dtSubset10Strategy2/0185_tree.txt
2018-05-23 18:58,traces/generated/5to10Traces/0035.trace,150,150,3,3,10,"->(F(x1),U(!(x0),x1))",16.7044551629,1,1,10,experiments/dtSubset10Strategy2/0035_tree.txt
2018-05-23 18:58,traces/generated/5to10Traces/0159.trace,50,50,2,3,10,"->(F(x1),U(x0,x1))",5.3086867831,1,1,10,experiments/dtSubset10Strategy2/0159_tree.txt
2018-05-23 18:58,traces/generated/5to10Traces/0136.trace,50,50,1,2,5,G(x0),0.571765865,1,1,10,experiments/dtSubset10Strategy2/0136_tree.txt
2018-05-23 18:58,traces/generated/5to10Traces/0155.trace,5,5,2,3,10,"->(F(x1),U(x0,x1))",0.1445935669,1,1,10,experiments/dtSubset10Strategy2/0155_tree.txt
2018-05-23 18:58,traces/generated/5to10Traces/0039.trace,200,200,3,3,10,"->(F(x1),U(!(x0),x1))",16.968426849,1,1,10,experiments/dtSubset10Strategy2/0039_tree.txt
2018-05-23 18:58,traces/generated/5to10Traces/0056.trace,150,150,4,3,5,"G(->(x1,G(!(x0))))",134.352991397,1,1,10,experiments/dtSubset10Strategy2/0056_tree.txt
2018-05-23 19:01,traces/generated/5to10Traces/0174.trace,250,250,2,3,5,"->(F(x1),U(x0,x1))",30.0187561791,2,1,10,experiments/dtSubset10Strategy2/0174_tree.txt
2018-05-23 19:01,traces/generated/5to10Traces/0189.trace,24,150,3,3,10,"G(->(x1,G(x0)))",119.55297011,2,1,10,experiments/dtSubset10Strategy2/0189_tree.txt
2018-05-23 19:03,traces/generated/5to10Traces/0077.trace,125,19,4,3,10,"|(G(!(x0)),F(&(x0,F(x1))))",112.9262740749,2,1,10,experiments/dtSubset10Strategy2/0077_tree.txt
2018-05-23 19:05,traces/generated/5to10Traces/0018.trace,225,225,2,2,5,G(!(x0)),2.090361408,1,1,10,experiments/dtSubset10Strategy2/0018_tree.txt
2018-05-23 19:05,traces/generated/5to10Traces/0023.trace,5,5,3,3,10,"->(F(x1),U(!(x0),x1))",16.643495067,1,1,10,experiments/dtSubset10Strategy2/0023_tree.txt
2018-05-23 19:05,traces/generated/5to10Traces/0120.trace,69,125,6,4,5,"G(&(x0,->(!(x1),U(!(x1),&(x2,!(x1))))))",0.533595016,1,1,10,experiments/dtSubset10Strategy2/0120_tree.txt
2018-05-23 19:05,traces/generated/5to10Traces/0090.trace,25,25,1,2,5,F(x0),0.5720371769,1,1,10,experiments/dtSubset10Strategy2/0090_tree.txt
2018-05-23 19:05,traces/generated/5to10Traces/0002.trace,25,25,2,2,5,G(!(x0)),2.0828725072,1,1,10,experiments/dtSubset10Strategy2/0002_tree.txt
2018-05-23 19:05,traces/generated/5to10Traces/0101.trace,150,10,1,2,10,F(x0),1.11271101,1,1,10,experiments/dtSubset10Strategy2/0101_tree.txt
2018-05-23 19:06,traces/generated/5to10Traces/0193.trace,39,200,3,3,10,"G(->(x1,G(x0)))",137.8194420922,2,1,10,experiments/dtSubset10Strategy2/0193_tree.txt
2018-05-23 19:08,traces/generated/5to10Traces/0162.trace,100,100,2,3,5,"->(F(x1),U(x0,x1))",30.9152175419,2,1,10,experiments/dtSubset10Strategy2/0162_tree.txt
2018-05-23 19:08,traces/generated/5to10Traces/0061.trace,42,200,4,3,10,"G(->(x1,G(!(x0))))",286.644371531,2,1,10,experiments/dtSubset10Strategy2/0061_tree.txt
2018-05-23 19:13,traces/generated/5to10Traces/0143.trace,5,125,1,2,10,G(x0),1.2953507041,1,1,10,experiments/dtSubset10Strategy2/0143_tree.txt
2018-05-23 19:13,traces/generated/5to10Traces/0040.trace,225,225,3,3,5,"->(F(x1),U(!(x0),x1))",147.9976336369,2,1,10,experiments/dtSubset10Strategy2/0040_tree.txt
2018-05-23 19:16,traces/generated/5to10Traces/0135.trace,2,25,1,2,10,G(x0),1.2916884709,1,1,10,experiments/dtSubset10Strategy2/0135_tree.txt
2018-05-23 19:16,traces/generated/5to10Traces/0059.trace,39,175,4,3,10,"G(->(x1,G(!(x0))))",476.7313762379,2,1,10,experiments/dtSubset10Strategy2/0059_tree.txt
2018-05-23 19:24,traces/generated/5to10Traces/0036.trace,175,175,3,3,5,"->(F(x1),U(!(x0),x1))",110.3265230309,2,1,10,experiments/dtSubset10Strategy2/0036_tree.txt
2018-05-23 19:25,traces/generated/5to10Traces/0186.trace,125,125,3,3,5,"G(->(x1,G(x0)))",18.7784913899,1,1,10,experiments/dtSubset10Strategy2/0186_tree.txt
2018-05-23 19:26,traces/generated/5to10Traces/0114.trace,37,50,6,4,5,"G(&(x0,->(!(x1),U(!(x1),&(x2,!(x1))))))",/,/,/,10,experiments/dtSubset10Strategy2/0114_tree.txt
2018-05-23 19:36,traces/generated/5to10Traces/0017.trace,8,200,2,2,10,G(!(x0)),5.5471355869,1,1,10,experiments/dtSubset10Strategy2/0017_tree.txt
2018-05-23 19:36,traces/generated/5to10Traces/0085.trace,225,32,4,3,10,"|(G(!(x0)),F(&(x0,F(x1))))",94.5826371249,2,1,10,experiments/dtSubset10Strategy2/0085_tree.txt
2018-05-23 19:37,traces/generated/5to10Traces/0078.trace,150,150,4,3,5,"|(G(!(x0)),F(&(x0,F(x1))))",/,/,/,10,experiments/dtSubset10Strategy2/0078_tree.txt
2018-05-23 19:47,traces/generated/5to10Traces/0074.trace,100,100,4,3,5,"|(G(!(x0)),F(&(x0,F(x1))))",/,/,/,10,experiments/dtSubset10Strategy2/0074_tree.txt
2018-05-23 19:57,traces/generated/5to10Traces/0177.trace,3,5,3,3,10,"G(->(x1,G(x0)))",45.3188493289,2,1,10,experiments/dtSubset10Strategy2/0177_tree.txt
2018-05-23 19:58,traces/generated/5to10Traces/0118.trace,63,100,6,4,5,"G(&(x0,->(!(x1),U(!(x1),&(x2,!(x1))))))",/,/,/,10,experiments/dtSubset10Strategy2/0118_tree.txt
2018-05-23 20:08,traces/generated/5to10Traces/0055.trace,23,125,4,3,10,"G(->(x1,G(!(x0))))",/,/,/,10,experiments/dtSubset10Strategy2/0055_tree.txt
2018-05-23 20:18,traces/generated/5to10Traces/0139.trace,3,75,1,2,10,G(x0),1.2227970979,1,1,10,experiments/dtSubset10Strategy2/0139_tree.txt
2018-05-23 20:18,traces/generated/5to10Traces/0156.trace,25,25,2,3,5,"->(F(x1),U(x0,x1))",13.6658869118,1,1,10,experiments/dtSubset10Strategy2/0156_tree.txt
2018-05-23 20:18,traces/generated/5to10Traces/0190.trace,175,175,3,3,5,"G(->(x1,G(x0)))",16.714128935,1,1,10,experiments/dtSubset10Strategy2/0190_tree.txt
2018-05-23 20:19,traces/generated/5to10Traces/0102.trace,175,175,1,2,5,F(x0),0.729712554,1,1,10,experiments/dtSubset10Strategy2/0102_tree.txt
2018-05-23 20:19,traces/generated/5to10Traces/0093.trace,50,3,1,2,10,F(x0),1.2209132931,1,1,10,experiments/dtSubset10Strategy2/0093_tree.txt
2018-05-23 20:19,traces/generated/5to10Traces/0020.trace,250,250,2,2,5,G(!(x0)),2.3796303701,1,1,10,experiments/dtSubset10Strategy2/0020_tree.txt
2018-05-23 20:19,traces/generated/5to10Traces/0043.trace,250,250,3,3,10,"->(F(x1),U(!(x0),x1))",17.1825412989,1,1,10,experiments/dtSubset10Strategy2/0043_tree.txt
2018-05-23 20:19,traces/generated/5to10Traces/0140.trace,100,100,1,2,5,G(x0),0.5362794211,1,1,10,experiments/dtSubset10Strategy2/0140_tree.txt
2018-05-23 20:19,traces/generated/5to10Traces/0062.trace,225,225,4,3,5,"G(->(x1,G(!(x0))))",180.4761231299,2,1,10,experiments/dtSubset10Strategy2/0062_tree.txt
2018-05-23 20:22,traces/generated/5to10Traces/0161.trace,75,75,2,3,10,"->(F(x1),U(x0,x1))",5.6987243779,1,1,10,experiments/dtSubset10Strategy2/0161_tree.txt
2018-05-23 20:22,traces/generated/5to10Traces/0058.trace,175,175,4,3,5,"G(->(x1,G(!(x0))))",271.2015849161,2,1,10,experiments/dtSubset10Strategy2/0058_tree.txt
2018-05-23 20:27,traces/generated/5to10Traces/0037.trace,175,175,3,3,10,"->(F(x1),U(!(x0),x1))",17.7804282219,1,1,10,experiments/dtSubset10Strategy2/0037_tree.txt
2018-05-23 20:27,traces/generated/5to10Traces/0134.trace,25,25,1,2,5,G(x0),0.558264999,1,1,10,experiments/dtSubset10Strategy2/0134_tree.txt
2018-05-23 20:27,traces/generated/5to10Traces/0016.trace,200,200,2,2,5,G(!(x0)),2.2236252099,1,1,10,experiments/dtSubset10Strategy2/0016_tree.txt
2018-05-23 20:27,traces/generated/5to10Traces/0079.trace,150,33,4,3,10,"|(G(!(x0)),F(&(x0,F(x1))))",197.2988193831,3,2,10,experiments/dtSubset10Strategy2/0079_tree.txt
2018-05-23 20:30,traces/generated/5to10Traces/0084.trace,225,225,4,3,5,"|(G(!(x0)),F(&(x0,F(x1))))",/,/,/,10,experiments/dtSubset10Strategy2/0084_tree.txt
2018-05-23 20:40,traces/generated/5to10Traces/0187.trace,20,125,3,3,10,"G(->(x1,G(x0)))",133.7703157139,2,1,10,experiments/dtSubset10Strategy2/0187_tree.txt
2018-05-23 20:43,traces/generated/5to10Traces/0176.trace,5,5,3,3,5,"G(->(x1,G(x0)))",1.897764914,1,1,10,experiments/dtSubset10Strategy2/0176_tree.txt
2018-05-23 20:43,traces/generated/5to10Traces/0119.trace,1,100,6,4,10,"G(&(x0,->(!(x1),U(!(x1),&(x2,!(x1))))))",1.2022977951,1,1,10,experiments/dtSubset10Strategy2/0119_tree.txt
2018-05-23 20:43,traces/generated/5to10Traces/0075.trace,100,22,4,3,10,"|(G(!(x0)),F(&(x0,F(x1))))",85.8092410609,2,1,10,experiments/dtSubset10Strategy2/0075_tree.txt
2018-05-23 20:44,traces/generated/5to10Traces/0088.trace,5,5,1,2,5,F(x0),0.459856936,1,1,10,experiments/dtSubset10Strategy2/0088_tree.txt
2018-05-23 20:44,traces/generated/5to10Traces/0138.trace,75,75,1,2,5,G(x0),0.545722239,1,1,10,experiments/dtSubset10Strategy2/0138_tree.txt
2018-05-23 20:44,traces/generated/5to10Traces/0157.trace,25,25,2,3,10,"->(F(x1),U(x0,x1))",5.7944685661,1,1,10,experiments/dtSubset10Strategy2/0157_tree.txt
2018-05-23 20:44,traces/generated/5to10Traces/0054.trace,125,125,4,3,5,"G(->(x1,G(!(x0))))",252.592666209,3,1,10,experiments/dtSubset10Strategy2/0054_tree.txt
2018-05-23 20:48,traces/generated/5to10Traces/0000.trace,5,5,2,2,5,G(!(x0)),2.09127837,1,1,10,experiments/dtSubset10Strategy2/0000_tree.txt
2018-05-23 20:49,traces/generated/5to10Traces/0092.trace,50,50,1,2,5,F(x0),0.4393012759,1,1,10,experiments/dtSubset10Strategy2/0092_tree.txt
2018-05-23 20:49,traces/generated/5to10Traces/0191.trace,37,175,3,3,10,"G(->(x1,G(x0)))",98.2316485501,2,1,10,experiments/dtSubset10Strategy2/0191_tree.txt
2018-05-23 20:50,traces/generated/5to10Traces/0103.trace,175,7,1,2,10,F(x0),1.287490051,1,1,10,experiments/dtSubset10Strategy2/0103_tree.txt
2018-05-23 20:50,traces/generated/5to10Traces/0021.trace,14,250,2,2,10,G(!(x0)),5.401869857,1,1,10,experiments/dtSubset10Strategy2/0021_tree.txt
2018-05-23 20:50,traces/generated/5to10Traces/0122.trace,108,150,6,4,5,"G(&(x0,->(!(x1),U(!(x1),&(x2,!(x1))))))",/,/,/,10,experiments/dtSubset10Strategy2/0122_tree.txt
2018-05-23 21:00,traces/generated/5to10Traces/0141.trace,7,100,1,2,10,G(x0),1.3170039549,1,1,10,experiments/dtSubset10Strategy2/0141_tree.txt
2018-05-23 21:00,traces/generated/5to10Traces/0042.trace,250,250,3,3,5,"->(F(x1),U(!(x0),x1))",41.4026055131,1,1,10,experiments/dtSubset10Strategy2/0042_tree.txt
2018-05-23 21:01,traces/generated/5to10Traces/0160.trace,75,75,2,3,5,"->(F(x1),U(x0,x1))",26.7238649779,2,1,10,experiments/dtSubset10Strategy2/0160_tree.txt
2018-05-23 21:01,traces/generated/5to10Traces/0063.trace,56,225,4,3,10,"G(->(x1,G(!(x0))))",/,/,/,10,experiments/dtSubset10Strategy2/0063_tree.txt
,,,,,,,,,,,,
,,,,,,,,,,,,
,,,,,,,,21,,,,
,,,,,,,,48.1198074943,,,,
,,,,,,,,1.0650887574,,,,
